ORDERDATE,ITEMID,ITEMSALESAMOUNT,ITEMDISCOUNT,ACTUALUNITPRICE,DAY_OF_WEEK,FESTIVAL,TOTAL_ITEMSOLD,IS_WEEKEND,DAY,MONTH,YEAR,DAY_NUM,ITEMID_ENC,FESTIVAL_ENC,ROLLING_3DAY_AVG,ITEMID_Mapped
2024-04-01,5408,73.5,0.0,36.75,Monday,Ramadan,4.0,0,1,4,2024,0,0,4,4.637113402061856,1
2024-04-02,5408,36.75,0.0,36.75,Tuesday,Ramadan,2.0,0,2,4,2024,1,0,4,4.637113402061856,1
2024-04-03,5408,36.75,0.0,36.75,Wednesday,Ramadan,2.0,0,3,4,2024,2,0,4,4.637113402061856,1
2024-04-04,5408,36.75,0.0,36.75,Thursday,Ramadan,2.0,0,4,4,2024,3,0,4,2.6666666666666665,1
2024-04-08,5408,36.75,0.0,36.75,Monday,Ramadan,2.0,0,8,4,2024,0,0,4,2.0,1
2024-04-21,5408,36.75,0.0,36.75,Sunday,,2.0,1,21,4,2024,6,0,3,2.0,1
2024-04-22,5408,36.75,0.0,36.75,Monday,,2.0,0,22,4,2024,0,0,3,2.0,1
2024-04-24,5408,110.25,0.0,55.125,Wednesday,,5.0,0,24,4,2024,2,0,3,2.0,1
2024-04-25,5408,36.75,0.0,36.75,Thursday,,2.0,0,25,4,2024,3,0,3,3.0,1
2024-04-26,5408,36.75,0.0,36.75,Friday,,2.0,0,26,4,2024,4,0,3,3.0,1
2024-04-27,5408,36.75,0.0,36.75,Saturday,,2.0,1,27,4,2024,5,0,3,3.0,1
2024-05-18,5408,147.0,0.0,36.75,Saturday,,8.0,1,18,5,2024,5,0,3,2.0,1
2024-05-19,5408,110.25,0.0,36.75,Sunday,,6.0,1,19,5,2024,6,0,3,4.0,1
2024-05-20,5408,73.5,0.0,36.75,Monday,,4.0,0,20,5,2024,0,0,3,5.333333333333333,1
2024-05-22,5408,110.25,0.0,36.75,Wednesday,,6.0,0,22,5,2024,2,0,3,6.0,1
2024-05-23,5408,147.0,0.0,49.0,Thursday,,7.0,0,23,5,2024,3,0,3,5.333333333333333,1
2024-05-24,5408,110.25,0.0,36.75,Friday,,6.0,0,24,5,2024,4,0,3,5.666666666666667,1
2024-05-25,5408,73.5,0.0,36.75,Saturday,,4.0,1,25,5,2024,5,0,3,6.333333333333333,1
2024-05-26,5408,110.25,0.0,36.75,Sunday,,6.0,1,26,5,2024,6,0,3,5.666666666666667,1
2024-05-27,5408,36.75,0.0,36.75,Monday,,2.0,0,27,5,2024,0,0,3,5.333333333333333,1
2024-05-29,5408,36.75,0.0,36.75,Wednesday,,2.0,0,29,5,2024,2,0,3,4.0,1
2024-05-30,5408,110.25,0.0,36.75,Thursday,,6.0,0,30,5,2024,3,0,3,3.333333333333333,1
2024-05-31,5408,183.75,0.0,36.75,Friday,,10.0,0,31,5,2024,4,0,3,3.333333333333333,1
2024-06-02,5408,36.75,0.0,36.75,Sunday,,2.0,1,2,6,2024,6,0,3,6.0,1
2024-06-03,5408,36.75,0.0,36.75,Monday,,2.0,0,3,6,2024,0,0,3,6.0,1
2024-06-04,5408,183.75,0.0,45.9375,Tuesday,,9.0,0,4,6,2024,1,0,3,4.666666666666667,1
2024-06-06,5408,87.0,23.25,36.75,Thursday,,6.0,0,6,6,2024,3,0,3,4.333333333333333,1
2024-06-10,5408,58.0,15.5,36.75,Monday,,4.0,0,10,6,2024,0,0,3,5.666666666666667,1
2024-06-12,5408,58.0,15.5,36.75,Wednesday,,4.0,0,12,6,2024,2,0,3,6.333333333333333,1
2024-06-13,5408,58.0,15.5,36.75,Thursday,,4.0,0,13,6,2024,3,0,3,4.666666666666667,1
2024-06-14,5408,87.0,23.25,36.75,Friday,,6.0,0,14,6,2024,4,0,3,4.0,1
2024-06-15,5408,145.0,38.75,36.75,Saturday,,10.0,1,15,6,2024,5,0,3,4.666666666666667,1
2024-06-17,5408,87.0,23.25,36.75,Monday,Eid al-Adha,6.0,0,17,6,2024,0,0,0,6.666666666666667,1
2024-06-18,5408,58.0,15.5,73.5,Tuesday,Eid al-Adha,3.0,0,18,6,2024,1,0,0,7.333333333333333,1
2024-06-19,5408,36.75,0.0,36.75,Wednesday,Eid al-Adha,2.0,0,19,6,2024,2,0,0,6.333333333333333,1
2024-06-20,5408,73.5,0.0,36.75,Thursday,,4.0,0,20,6,2024,3,0,3,3.6666666666666665,1
2024-06-21,5408,36.75,0.0,36.75,Friday,,2.0,0,21,6,2024,4,0,3,3.0,1
2024-06-22,5408,36.75,0.0,36.75,Saturday,,2.0,1,22,6,2024,5,0,3,2.6666666666666665,1
2024-06-23,5408,110.25,0.0,36.75,Sunday,,6.0,1,23,6,2024,6,0,3,2.6666666666666665,1
2024-06-24,5408,183.75,0.0,36.75,Monday,,10.0,0,24,6,2024,0,0,3,3.333333333333333,1
2024-06-25,5408,110.25,0.0,36.75,Tuesday,,6.0,0,25,6,2024,1,0,3,6.0,1
2024-06-26,5408,110.25,0.0,36.75,Wednesday,,6.0,0,26,6,2024,2,0,3,7.333333333333333,1
2024-06-27,5408,110.25,0.0,36.75,Thursday,,6.0,0,27,6,2024,3,0,3,7.333333333333333,1
2024-06-28,5408,110.25,0.0,36.75,Friday,,6.0,0,28,6,2024,4,0,3,6.0,1
2024-07-01,5408,36.75,0.0,36.75,Monday,,2.0,0,1,7,2024,0,0,3,6.0,1
2024-07-02,5408,147.0,0.0,36.75,Tuesday,,8.0,0,2,7,2024,1,0,3,4.666666666666667,1
2024-07-03,5408,73.5,0.0,36.75,Wednesday,,4.0,0,3,7,2024,2,0,3,5.333333333333333,1
2024-07-04,5408,110.25,0.0,36.75,Thursday,,6.0,0,4,7,2024,3,0,3,4.666666666666667,1
2024-07-05,5408,73.5,0.0,36.75,Friday,,4.0,0,5,7,2024,4,0,3,6.0,1
2024-07-06,5408,36.75,0.0,36.75,Saturday,,2.0,1,6,7,2024,5,0,3,4.666666666666667,1
2024-07-08,5408,73.5,0.0,36.75,Monday,,4.0,0,8,7,2024,0,0,3,4.0,1
2024-07-09,5408,147.0,0.0,36.75,Tuesday,,8.0,0,9,7,2024,1,0,3,3.333333333333333,1
2024-07-10,5408,36.75,0.0,36.75,Wednesday,,2.0,0,10,7,2024,2,0,3,4.666666666666667,1
2024-07-11,5408,110.25,0.0,36.75,Thursday,,6.0,0,11,7,2024,3,0,3,4.666666666666667,1
2024-07-12,5408,73.5,0.0,36.75,Friday,,4.0,0,12,7,2024,4,0,3,5.333333333333333,1
2024-07-13,5408,110.25,0.0,36.75,Saturday,,6.0,1,13,7,2024,5,0,3,4.0,1
2024-07-14,5408,73.5,0.0,36.75,Sunday,,4.0,1,14,7,2024,6,0,3,5.333333333333333,1
2024-07-15,5408,147.0,0.0,36.75,Monday,,8.0,0,15,7,2024,0,0,3,4.666666666666667,1
2024-07-17,5408,73.5,0.0,36.75,Wednesday,,4.0,0,17,7,2024,2,0,3,6.0,1
2024-07-18,5408,73.5,0.0,36.75,Thursday,,4.0,0,18,7,2024,3,0,3,5.333333333333333,1
2024-07-20,5408,73.5,0.0,36.75,Saturday,,4.0,1,20,7,2024,5,0,3,5.333333333333333,1
2024-07-21,5408,147.0,0.0,36.75,Sunday,,8.0,1,21,7,2024,6,0,3,4.0,1
2024-07-22,5408,36.75,0.0,36.75,Monday,,2.0,0,22,7,2024,0,0,3,5.333333333333333,1
2024-07-23,5408,36.75,0.0,36.75,Tuesday,,2.0,0,23,7,2024,1,0,3,4.666666666666667,1
2024-07-24,5408,36.75,0.0,36.75,Wednesday,,2.0,0,24,7,2024,2,0,3,4.0,1
2024-07-25,5408,73.5,0.0,36.75,Thursday,,4.0,0,25,7,2024,3,0,3,2.0,1
2024-07-26,5408,110.25,0.0,36.75,Friday,,6.0,0,26,7,2024,4,0,3,2.6666666666666665,1
2024-07-27,5408,147.0,0.0,49.0,Saturday,,7.0,1,27,7,2024,5,0,3,4.0,1
2024-07-29,5408,147.0,0.0,36.75,Monday,,8.0,0,29,7,2024,0,0,3,5.666666666666667,1
2024-07-30,5408,36.75,0.0,36.75,Tuesday,,2.0,0,30,7,2024,1,0,3,7.0,1
2024-07-31,5408,36.75,0.0,36.75,Wednesday,,2.0,0,31,7,2024,2,0,3,5.666666666666667,1
2024-08-01,5408,36.75,0.0,36.75,Thursday,,2.0,0,1,8,2024,3,0,3,4.0,1
2024-08-02,5408,73.5,0.0,36.75,Friday,,4.0,0,2,8,2024,4,0,3,2.0,1
2024-08-03,5408,73.5,0.0,36.75,Saturday,,4.0,1,3,8,2024,5,0,3,2.6666666666666665,1
2024-08-06,5408,73.5,0.0,36.75,Tuesday,,4.0,0,6,8,2024,1,0,3,3.333333333333333,1
2024-08-07,5408,110.25,0.0,36.75,Wednesday,,6.0,0,7,8,2024,2,0,3,4.0,1
2024-08-08,5408,147.0,0.0,36.75,Thursday,,8.0,0,8,8,2024,3,0,3,4.666666666666667,1
2024-08-09,5408,73.5,0.0,36.75,Friday,,4.0,0,9,8,2024,4,0,3,6.0,1
2024-08-11,5408,73.5,0.0,36.75,Sunday,,4.0,1,11,8,2024,6,0,3,6.0,1
2024-08-13,5408,73.5,0.0,36.75,Tuesday,,4.0,0,13,8,2024,1,0,3,5.333333333333333,1
2024-08-14,5408,36.75,0.0,36.75,Wednesday,,2.0,0,14,8,2024,2,0,3,4.0,1
2024-08-16,5408,110.25,0.0,36.75,Friday,,6.0,0,16,8,2024,4,0,3,3.333333333333333,1
2024-08-17,5408,93.35,16.9,36.75,Saturday,,6.0,1,17,8,2024,5,0,3,4.0,1
2024-08-19,5408,124.71,22.29,36.75,Monday,,8.0,0,19,8,2024,0,0,3,4.666666666666667,1
2024-08-20,5408,110.25,0.0,36.75,Tuesday,,6.0,0,20,8,2024,1,0,3,6.666666666666667,1
2024-08-21,5408,183.75,0.0,61.25,Wednesday,,8.0,0,21,8,2024,2,0,3,6.666666666666667,1
2024-08-22,5408,36.75,0.0,36.75,Thursday,,2.0,0,22,8,2024,3,0,3,7.333333333333333,1
2024-08-23,5408,110.25,0.0,36.75,Friday,,6.0,0,23,8,2024,4,0,3,5.333333333333333,1
2024-08-25,5408,73.5,0.0,36.75,Sunday,,4.0,1,25,8,2024,6,0,3,5.333333333333333,1
2024-08-26,5408,36.75,0.0,36.75,Monday,,2.0,0,26,8,2024,0,0,3,4.0,1
2024-08-27,5408,73.5,0.0,36.75,Tuesday,,4.0,0,27,8,2024,1,0,3,4.0,1
2024-08-28,5408,36.75,0.0,36.75,Wednesday,,2.0,0,28,8,2024,2,0,3,3.333333333333333,1
2024-08-29,5408,73.5,0.0,36.75,Thursday,,4.0,0,29,8,2024,3,0,3,2.6666666666666665,1
2024-08-30,5408,73.5,0.0,36.75,Friday,,4.0,0,30,8,2024,4,0,3,3.333333333333333,1
2024-09-01,5408,73.5,0.0,36.75,Sunday,,4.0,1,1,9,2024,6,0,3,3.333333333333333,1
2024-09-02,5408,73.5,0.0,36.75,Monday,,4.0,0,2,9,2024,0,0,3,4.0,1
2024-09-03,5408,36.75,0.0,36.75,Tuesday,,2.0,0,3,9,2024,1,0,3,4.0,1
2024-09-04,5408,110.25,0.0,36.75,Wednesday,,6.0,0,4,9,2024,2,0,3,3.333333333333333,1
2024-09-05,5408,36.75,0.0,36.75,Thursday,,2.0,0,5,9,2024,3,0,3,4.0,1
2024-09-06,5408,73.5,0.0,36.75,Friday,,4.0,0,6,9,2024,4,0,3,3.333333333333333,1
2024-09-07,5408,110.41,36.59,36.75,Saturday,,8.0,1,7,9,2024,5,0,3,4.0,1
2024-09-08,5408,36.75,0.0,36.75,Sunday,,2.0,1,8,9,2024,6,0,3,4.666666666666667,1
2024-09-10,5408,36.95,0.0,36.95,Tuesday,,2.0,0,10,9,2024,1,0,3,4.666666666666667,1
2024-09-12,5408,53.85,57.0,36.95,Thursday,,6.0,0,12,9,2024,3,0,3,4.0,1
2024-09-13,5408,89.75,95.0,46.1875,Friday,,9.0,0,13,9,2024,4,0,3,3.333333333333333,1
2024-09-14,5408,89.75,95.0,46.1875,Saturday,,9.0,1,14,9,2024,5,0,3,5.666666666666667,1
2024-09-16,5408,17.95,19.0,36.95,Monday,,2.0,0,16,9,2024,0,0,3,8.0,1
2024-09-17,5408,17.95,19.0,36.95,Tuesday,,2.0,0,17,9,2024,1,0,3,6.666666666666667,1
2024-09-18,5408,71.8,76.0,36.95,Wednesday,,8.0,0,18,9,2024,2,0,3,4.333333333333333,1
2024-09-19,5408,35.9,38.0,36.95,Thursday,,4.0,0,19,9,2024,3,0,3,4.0,1
2024-09-21,5408,71.8,76.0,36.95,Saturday,,8.0,1,21,9,2024,5,0,3,4.666666666666667,1
2024-09-22,5408,17.95,19.0,36.95,Sunday,,2.0,1,22,9,2024,6,0,3,6.666666666666667,1
2024-09-24,5408,89.75,95.0,36.95,Tuesday,,10.0,0,24,9,2024,1,0,3,4.666666666666667,1
2024-09-25,5408,32.31,41.59,36.95,Wednesday,,4.0,0,25,9,2024,2,0,3,6.666666666666667,1
2024-09-27,5408,82.57,102.18,36.95,Friday,,10.0,0,27,9,2024,4,0,3,5.333333333333333,1
2024-09-29,5408,35.9,38.0,36.95,Sunday,,4.0,1,29,9,2024,6,0,3,8.0,1
2024-04-02,9898,33.5,0.0,16.75,Tuesday,Ramadan,4.0,0,2,4,2024,1,1,4,4.637113402061856,2
2024-04-03,9898,50.25,0.0,25.125,Wednesday,Ramadan,5.0,0,3,4,2024,2,1,4,4.637113402061856,2
2024-04-04,9898,16.75,0.0,16.75,Thursday,Ramadan,2.0,0,4,4,2024,3,1,4,4.637113402061856,2
2024-04-07,9898,33.5,0.0,33.5,Sunday,Ramadan,3.0,1,7,4,2024,6,1,4,3.6666666666666665,2
2024-04-09,9898,83.75,0.0,27.916666666666668,Tuesday,Ramadan,8.0,0,9,4,2024,1,1,4,3.333333333333333,2
2024-04-10,9898,50.25,0.0,25.125,Wednesday,Eid al-Fitr,5.0,0,10,4,2024,2,1,1,4.333333333333333,2
2024-04-12,9898,16.75,0.0,16.75,Friday,Eid al-Fitr,2.0,0,12,4,2024,4,1,1,5.333333333333333,2
2024-04-14,9898,16.75,0.0,16.75,Sunday,,2.0,1,14,4,2024,6,1,3,5.0,2
2024-04-15,9898,16.75,0.0,16.75,Monday,,2.0,0,15,4,2024,0,1,3,3.0,2
2024-04-16,9898,2.65,14.1,16.75,Tuesday,,2.0,0,16,4,2024,1,1,3,2.0,2
2024-04-17,9898,83.75,0.0,27.916666666666668,Wednesday,,8.0,0,17,4,2024,2,1,3,2.0,2
2024-04-18,9898,83.75,0.0,20.9375,Thursday,,9.0,0,18,4,2024,3,1,3,4.0,2
2024-04-20,9898,16.75,0.0,16.75,Saturday,,2.0,1,20,4,2024,5,1,3,6.333333333333333,2
2024-04-21,9898,16.75,0.0,16.75,Sunday,,2.0,1,21,4,2024,6,1,3,6.333333333333333,2
2024-04-22,9898,16.75,0.0,16.75,Monday,,2.0,0,22,4,2024,0,1,3,4.333333333333333,2
2024-04-23,9898,33.5,0.0,16.75,Tuesday,,4.0,0,23,4,2024,1,1,3,2.0,2
2024-04-24,9898,50.25,0.0,16.75,Wednesday,,6.0,0,24,4,2024,2,1,3,2.6666666666666665,2
2024-04-25,9898,33.5,0.0,16.75,Thursday,,4.0,0,25,4,2024,3,1,3,4.0,2
2024-04-26,9898,50.25,0.0,16.75,Friday,,6.0,0,26,4,2024,4,1,3,4.666666666666667,2
2024-04-29,9898,33.5,0.0,16.75,Monday,,4.0,0,29,4,2024,0,1,3,5.333333333333333,2
2024-05-01,9898,67.0,0.0,16.75,Wednesday,,8.0,0,1,5,2024,2,1,3,4.666666666666667,2
2024-05-02,9898,33.5,0.0,16.75,Thursday,,4.0,0,2,5,2024,3,1,3,6.0,2
2024-05-03,9898,50.25,0.0,25.125,Friday,,5.0,0,3,5,2024,4,1,3,5.333333333333333,2
2024-05-05,9898,50.25,0.0,16.75,Sunday,,6.0,1,5,5,2024,6,1,3,5.666666666666667,2
2024-05-06,9898,33.5,0.0,16.75,Monday,,4.0,0,6,5,2024,0,1,3,5.0,2
2024-05-07,9898,67.0,0.0,22.33333333333333,Tuesday,,7.0,0,7,5,2024,1,1,3,5.0,2
2024-05-08,9898,67.0,0.0,16.75,Wednesday,,8.0,0,8,5,2024,2,1,3,5.666666666666667,2
2024-05-09,9898,83.75,0.0,16.75,Thursday,,10.0,0,9,5,2024,3,1,3,6.333333333333333,2
2024-05-10,9898,67.0,0.0,16.75,Friday,,8.0,0,10,5,2024,4,1,3,8.333333333333334,2
2024-05-13,9898,67.0,0.0,16.75,Monday,,8.0,0,13,5,2024,0,1,3,8.666666666666666,2
2024-05-14,9898,16.75,0.0,16.75,Tuesday,,2.0,0,14,5,2024,1,1,3,8.666666666666666,2
2024-05-16,9898,33.5,0.0,16.75,Thursday,,4.0,0,16,5,2024,3,1,3,6.0,2
2024-05-20,9898,83.75,0.0,20.9375,Monday,,9.0,0,20,5,2024,0,1,3,4.666666666666667,2
2024-05-21,9898,50.25,0.0,16.75,Tuesday,,6.0,0,21,5,2024,1,1,3,5.0,2
2024-05-22,9898,50.25,0.0,16.75,Wednesday,,6.0,0,22,5,2024,2,1,3,6.333333333333333,2
2024-05-23,9898,83.75,0.0,16.75,Thursday,,10.0,0,23,5,2024,3,1,3,7.0,2
2024-05-24,9898,50.25,0.0,16.75,Friday,,6.0,0,24,5,2024,4,1,3,7.333333333333333,2
2024-05-27,9898,50.25,0.0,16.75,Monday,,6.0,0,27,5,2024,0,1,3,7.333333333333333,2
2024-05-30,9898,50.25,0.0,16.75,Thursday,,6.0,0,30,5,2024,3,1,3,7.333333333333333,2
2024-05-31,9898,16.75,0.0,16.75,Friday,,2.0,0,31,5,2024,4,1,3,6.0,2
2024-06-01,9898,33.5,0.0,16.75,Saturday,,4.0,1,1,6,2024,5,1,3,4.666666666666667,2
2024-06-02,9898,16.75,0.0,16.75,Sunday,,2.0,1,2,6,2024,6,1,3,4.0,2
2024-06-04,9898,83.75,0.0,16.75,Tuesday,,10.0,0,4,6,2024,1,1,3,2.6666666666666665,2
2024-06-05,9898,59.8,7.2,16.75,Wednesday,,8.0,0,5,6,2024,2,1,3,5.333333333333333,2
2024-06-07,9898,29.9,3.6,16.75,Friday,,4.0,0,7,6,2024,4,1,3,6.666666666666667,2
2024-06-08,9898,29.9,3.6,16.75,Saturday,,4.0,1,8,6,2024,5,1,3,7.333333333333333,2
2024-06-09,9898,29.9,3.6,33.5,Sunday,,3.0,1,9,6,2024,6,1,3,5.333333333333333,2
2024-06-11,9898,29.9,3.6,16.75,Tuesday,,4.0,0,11,6,2024,1,1,3,3.6666666666666665,2
2024-06-14,9898,44.85,5.4,16.75,Friday,,6.0,0,14,6,2024,4,1,3,3.6666666666666665,2
2024-06-15,9898,44.85,5.4,16.75,Saturday,,6.0,1,15,6,2024,5,1,3,4.333333333333333,2
2024-06-19,9898,33.5,0.0,16.75,Wednesday,Eid al-Adha,4.0,0,19,6,2024,2,1,0,5.333333333333333,2
2024-06-20,9898,33.5,0.0,33.5,Thursday,,3.0,0,20,6,2024,3,1,3,5.333333333333333,2
2024-06-21,9898,50.25,0.0,25.125,Friday,,5.0,0,21,6,2024,4,1,3,4.333333333333333,2
2024-06-22,9898,16.75,0.0,16.75,Saturday,,2.0,1,22,6,2024,5,1,3,4.0,2
2024-06-24,9898,33.5,0.0,16.75,Monday,,4.0,0,24,6,2024,0,1,3,3.333333333333333,2
2024-06-25,9898,67.0,0.0,16.75,Tuesday,,8.0,0,25,6,2024,1,1,3,3.6666666666666665,2
2024-06-26,9898,83.75,0.0,16.75,Wednesday,,10.0,0,26,6,2024,2,1,3,4.666666666666667,2
2024-06-28,9898,67.0,0.0,16.75,Friday,,8.0,0,28,6,2024,4,1,3,7.333333333333333,2
2024-06-30,9898,16.75,0.0,16.75,Sunday,,2.0,1,30,6,2024,6,1,3,8.666666666666666,2
2024-07-01,9898,50.25,0.0,16.75,Monday,,6.0,0,1,7,2024,0,1,3,6.666666666666667,2
2024-07-03,9898,16.75,0.0,16.75,Wednesday,,2.0,0,3,7,2024,2,1,3,5.333333333333333,2
2024-07-04,9898,50.25,0.0,16.75,Thursday,,6.0,0,4,7,2024,3,1,3,3.333333333333333,2
2024-07-06,9898,16.75,0.0,16.75,Saturday,,2.0,1,6,7,2024,5,1,3,4.666666666666667,2
2024-07-08,9898,33.5,0.0,16.75,Monday,,4.0,0,8,7,2024,0,1,3,3.333333333333333,2
2024-07-09,9898,50.25,0.0,16.75,Tuesday,,6.0,0,9,7,2024,1,1,3,4.0,2
2024-07-10,9898,83.75,0.0,20.9375,Wednesday,,9.0,0,10,7,2024,2,1,3,4.0,2
2024-07-11,9898,33.5,0.0,16.75,Thursday,,4.0,0,11,7,2024,3,1,3,6.333333333333333,2
2024-07-12,9898,33.5,0.0,16.75,Friday,,4.0,0,12,7,2024,4,1,3,6.333333333333333,2
2024-07-13,9898,16.75,0.0,16.75,Saturday,,2.0,1,13,7,2024,5,1,3,5.666666666666667,2
2024-07-15,9898,33.5,0.0,16.75,Monday,,4.0,0,15,7,2024,0,1,3,3.333333333333333,2
2024-07-16,9898,33.5,0.0,16.75,Tuesday,,4.0,0,16,7,2024,1,1,3,3.333333333333333,2
2024-07-17,9898,50.25,0.0,50.25,Wednesday,,4.0,0,17,7,2024,2,1,3,3.333333333333333,2
2024-07-18,9898,50.25,0.0,16.75,Thursday,,6.0,0,18,7,2024,3,1,3,4.0,2
2024-07-20,9898,50.25,0.0,25.125,Saturday,,5.0,1,20,7,2024,5,1,3,4.666666666666667,2
2024-07-21,9898,33.5,0.0,16.75,Sunday,,4.0,1,21,7,2024,6,1,3,5.0,2
2024-07-22,9898,50.25,0.0,16.75,Monday,,6.0,0,22,7,2024,0,1,3,5.0,2
2024-07-23,9898,33.5,0.0,33.5,Tuesday,,3.0,0,23,7,2024,1,1,3,5.0,2
2024-07-24,9898,33.5,0.0,33.5,Wednesday,,3.0,0,24,7,2024,2,1,3,4.333333333333333,2
2024-07-25,9898,50.25,0.0,16.75,Thursday,,6.0,0,25,7,2024,3,1,3,4.0,2
2024-07-26,9898,33.5,0.0,33.5,Friday,,3.0,0,26,7,2024,4,1,3,4.0,2
2024-07-27,9898,33.5,0.0,16.75,Saturday,,4.0,1,27,7,2024,5,1,3,4.0,2
2024-07-29,9898,33.5,0.0,16.75,Monday,,4.0,0,29,7,2024,0,1,3,4.333333333333333,2
2024-07-30,9898,67.0,0.0,16.75,Tuesday,,8.0,0,30,7,2024,1,1,3,3.6666666666666665,2
2024-07-31,9898,67.0,0.0,16.75,Wednesday,,8.0,0,31,7,2024,2,1,3,5.333333333333333,2
2024-08-01,9898,50.25,0.0,16.75,Thursday,,6.0,0,1,8,2024,3,1,3,6.666666666666667,2
2024-08-02,9898,16.84,16.66,16.75,Friday,,4.0,0,2,8,2024,4,1,3,7.333333333333333,2
2024-08-04,9898,67.0,0.0,16.75,Sunday,,8.0,1,4,8,2024,6,1,3,6.0,2
2024-08-05,9898,16.75,0.0,16.75,Monday,,2.0,0,5,8,2024,0,1,3,6.0,2
2024-08-06,9898,33.5,0.0,16.75,Tuesday,,4.0,0,6,8,2024,1,1,3,4.666666666666667,2
2024-08-07,9898,33.5,0.0,16.75,Wednesday,,4.0,0,7,8,2024,2,1,3,4.666666666666667,2
2024-08-08,9898,33.5,0.0,16.75,Thursday,,4.0,0,8,8,2024,3,1,3,3.333333333333333,2
2024-08-09,9898,50.25,0.0,16.75,Friday,,6.0,0,9,8,2024,4,1,3,4.0,2
2024-08-10,9898,33.5,0.0,16.75,Saturday,,4.0,1,10,8,2024,5,1,3,4.666666666666667,2
2024-08-11,9898,67.0,0.0,22.33333333333333,Sunday,,7.0,1,11,8,2024,6,1,3,4.666666666666667,2
2024-08-12,9898,16.75,0.0,16.75,Monday,,2.0,0,12,8,2024,0,1,3,5.666666666666667,2
2024-08-14,9898,50.25,0.0,16.75,Wednesday,,6.0,0,14,8,2024,2,1,3,4.333333333333333,2
2024-08-16,9898,33.5,0.0,33.5,Friday,,3.0,0,16,8,2024,4,1,3,5.0,2
2024-08-18,9898,33.5,0.0,16.75,Sunday,,4.0,1,18,8,2024,6,1,3,3.6666666666666665,2
2024-08-19,9898,67.0,0.0,22.33333333333333,Monday,,7.0,0,19,8,2024,0,1,3,4.333333333333333,2
2024-08-20,9898,67.0,0.0,22.33333333333333,Tuesday,,7.0,0,20,8,2024,1,1,3,4.666666666666667,2
2024-08-21,9898,50.25,0.0,25.125,Wednesday,,5.0,0,21,8,2024,2,1,3,6.0,2
2024-08-22,9898,16.75,0.0,16.75,Thursday,,2.0,0,22,8,2024,3,1,3,6.333333333333333,2
2024-08-23,9898,50.25,0.0,16.75,Friday,,6.0,0,23,8,2024,4,1,3,4.666666666666667,2
2024-08-24,9898,83.75,0.0,41.875,Saturday,,7.0,1,24,8,2024,5,1,3,4.333333333333333,2
2024-08-29,9898,67.0,0.0,22.33333333333333,Thursday,,7.0,0,29,8,2024,3,1,3,5.0,2
2024-08-30,9898,67.0,0.0,22.33333333333333,Friday,,7.0,0,30,8,2024,4,1,3,6.666666666666667,2
2024-08-31,9898,33.5,0.0,16.75,Saturday,,4.0,1,31,8,2024,5,1,3,7.0,2
2024-09-02,9898,33.5,0.0,16.75,Monday,,4.0,0,2,9,2024,0,1,3,6.0,2
2024-09-03,9898,50.25,0.0,16.75,Tuesday,,6.0,0,3,9,2024,1,1,3,5.0,2
2024-09-04,9898,50.25,0.0,25.125,Wednesday,,5.0,0,4,9,2024,2,1,3,4.666666666666667,2
2024-09-06,9898,83.75,0.0,16.75,Friday,,10.0,0,6,9,2024,4,1,3,5.0,2
2024-09-07,9898,83.75,0.0,27.916666666666668,Saturday,,8.0,1,7,9,2024,5,1,3,7.0,2
2024-09-08,9898,38.6,28.4,22.33333333333333,Sunday,,7.0,1,8,9,2024,6,1,3,7.666666666666667,2
2024-09-09,9898,67.0,0.0,22.33333333333333,Monday,,7.0,0,9,9,2024,0,1,3,8.333333333333334,2
2024-09-10,9898,33.5,0.0,16.75,Tuesday,,4.0,0,10,9,2024,1,1,3,7.333333333333333,2
2024-09-11,9898,67.0,0.0,22.33333333333333,Wednesday,,7.0,0,11,9,2024,2,1,3,6.0,2
2024-09-12,9898,50.25,0.0,16.75,Thursday,,6.0,0,12,9,2024,3,1,3,6.0,2
2024-09-13,9898,50.25,0.0,16.75,Friday,,6.0,0,13,9,2024,4,1,3,5.666666666666667,2
2024-09-14,9898,83.75,0.0,16.75,Saturday,,10.0,1,14,9,2024,5,1,3,6.333333333333333,2
2024-09-17,9898,33.5,0.0,16.75,Tuesday,,4.0,0,17,9,2024,1,1,3,7.333333333333333,2
2024-09-18,9898,16.75,0.0,16.75,Wednesday,,2.0,0,18,9,2024,2,1,3,6.666666666666667,2
2024-09-19,9898,16.75,0.0,16.75,Thursday,,2.0,0,19,9,2024,3,1,3,5.333333333333333,2
2024-09-22,9898,50.25,0.0,16.75,Sunday,,6.0,1,22,9,2024,6,1,3,2.6666666666666665,2
2024-09-24,9898,50.85,0.0,16.95,Tuesday,,6.0,0,24,9,2024,1,1,3,3.333333333333333,2
2024-09-29,9898,84.75,0.0,16.95,Sunday,,10.0,1,29,9,2024,6,1,3,4.666666666666667,2
2024-09-30,9898,67.8,0.0,16.95,Monday,,8.0,0,30,9,2024,0,1,3,7.333333333333333,2
2024-04-01,15970,39.0,0.0,19.5,Monday,Ramadan,4.0,0,1,4,2024,0,2,4,4.637113402061856,3
2024-04-02,15970,39.0,0.0,19.5,Tuesday,Ramadan,4.0,0,2,4,2024,1,2,4,4.637113402061856,3
2024-04-03,15970,24.04,14.96,19.5,Wednesday,Ramadan,4.0,0,3,4,2024,2,2,4,4.637113402061856,3
2024-04-04,15970,58.5,0.0,19.5,Thursday,Ramadan,6.0,0,4,4,2024,3,2,4,4.0,3
2024-04-05,15970,19.5,0.0,19.5,Friday,Ramadan,2.0,0,5,4,2024,4,2,4,4.666666666666667,3
2024-04-08,15970,19.5,0.0,19.5,Monday,Ramadan,2.0,0,8,4,2024,0,2,4,4.0,3
2024-04-09,15970,39.0,0.0,39.0,Tuesday,Ramadan,3.0,0,9,4,2024,1,2,4,3.333333333333333,3
2024-04-12,15970,19.5,0.0,19.5,Friday,Eid al-Fitr,2.0,0,12,4,2024,4,2,1,2.333333333333333,3
2024-04-13,15970,19.5,0.0,19.5,Saturday,Eid al-Fitr,2.0,1,13,4,2024,5,2,1,2.333333333333333,3
2024-04-14,15970,39.0,0.0,19.5,Sunday,,4.0,1,14,4,2024,6,2,3,2.333333333333333,3
2024-04-18,15970,19.5,0.0,19.5,Thursday,,2.0,0,18,4,2024,3,2,3,2.6666666666666665,3
2024-04-19,15970,19.5,0.0,19.5,Friday,,2.0,0,19,4,2024,4,2,3,2.6666666666666665,3
2024-04-20,15970,58.5,0.0,19.5,Saturday,,6.0,1,20,4,2024,5,2,3,2.6666666666666665,3
2024-04-24,15970,58.5,0.0,58.5,Wednesday,,4.0,0,24,4,2024,2,2,3,3.333333333333333,3
2024-04-25,15970,39.0,0.0,19.5,Thursday,,4.0,0,25,4,2024,3,2,3,4.0,3
2024-04-26,15970,19.5,0.0,19.5,Friday,,2.0,0,26,4,2024,4,2,3,4.666666666666667,3
2024-04-27,15970,19.5,0.0,19.5,Saturday,,2.0,1,27,4,2024,5,2,3,3.333333333333333,3
2024-04-28,15970,58.5,0.0,19.5,Sunday,,6.0,1,28,4,2024,6,2,3,2.6666666666666665,3
2024-04-29,15970,39.0,0.0,19.5,Monday,,4.0,0,29,4,2024,0,2,3,3.333333333333333,3
2024-05-01,15970,39.0,0.0,19.5,Wednesday,,4.0,0,1,5,2024,2,2,3,4.0,3
2024-05-02,15970,39.0,0.0,19.5,Thursday,,4.0,0,2,5,2024,3,2,3,4.666666666666667,3
2024-05-03,15970,39.0,0.0,19.5,Friday,,4.0,0,3,5,2024,4,2,3,4.0,3
2024-05-05,15970,58.5,0.0,19.5,Sunday,,6.0,1,5,5,2024,6,2,3,4.0,3
2024-05-06,15970,97.5,0.0,24.375,Monday,,9.0,0,6,5,2024,0,2,3,4.666666666666667,3
2024-05-08,15970,19.5,0.0,19.5,Wednesday,,2.0,0,8,5,2024,2,2,3,6.333333333333333,3
2024-05-09,15970,19.5,0.0,19.5,Thursday,,2.0,0,9,5,2024,3,2,3,5.666666666666667,3
2024-05-13,15970,19.5,0.0,19.5,Monday,,2.0,0,13,5,2024,0,2,3,4.333333333333333,3
2024-05-16,15970,19.5,0.0,19.5,Thursday,,2.0,0,16,5,2024,3,2,3,2.0,3
2024-05-17,15970,19.5,0.0,19.5,Friday,,2.0,0,17,5,2024,4,2,3,2.0,3
2024-05-22,15970,19.5,0.0,19.5,Wednesday,,2.0,0,22,5,2024,2,2,3,2.0,3
2024-05-29,15970,78.0,0.0,26.0,Wednesday,,7.0,0,29,5,2024,2,2,3,2.0,3
2024-05-30,15970,78.0,0.0,19.5,Thursday,,8.0,0,30,5,2024,3,2,3,3.6666666666666665,3
2024-06-03,15970,78.0,0.0,26.0,Monday,,7.0,0,3,6,2024,0,2,3,5.666666666666667,3
2024-06-04,15970,19.5,0.0,19.5,Tuesday,,2.0,0,4,6,2024,1,2,3,7.333333333333333,3
2024-06-06,15970,19.5,0.0,19.5,Thursday,,2.0,0,6,6,2024,3,2,3,5.666666666666667,3
2024-06-07,15970,39.0,0.0,19.5,Friday,,4.0,0,7,6,2024,4,2,3,3.6666666666666665,3
2024-06-08,15970,58.5,0.0,19.5,Saturday,,6.0,1,8,6,2024,5,2,3,2.6666666666666665,3
2024-06-09,15970,19.5,0.0,19.5,Sunday,,2.0,1,9,6,2024,6,2,3,4.0,3
2024-06-10,15970,78.0,0.0,19.5,Monday,,8.0,0,10,6,2024,0,2,3,4.0,3
2024-06-11,15970,58.5,0.0,29.25,Tuesday,,5.0,0,11,6,2024,1,2,3,5.333333333333333,3
2024-06-12,15970,19.5,0.0,19.5,Wednesday,,2.0,0,12,6,2024,2,2,3,5.0,3
2024-06-14,15970,58.5,0.0,19.5,Friday,,6.0,0,14,6,2024,4,2,3,5.0,3
2024-06-15,15970,39.0,0.0,19.5,Saturday,,4.0,1,15,6,2024,5,2,3,4.333333333333333,3
2024-06-16,15970,19.5,0.0,19.5,Sunday,Eid al-Adha,2.0,1,16,6,2024,6,2,0,4.0,3
2024-06-17,15970,19.5,0.0,19.5,Monday,Eid al-Adha,2.0,0,17,6,2024,0,2,0,4.0,3
2024-06-18,15970,39.0,0.0,19.5,Tuesday,Eid al-Adha,4.0,0,18,6,2024,1,2,0,2.6666666666666665,3
2024-06-20,15970,97.5,0.0,32.5,Thursday,,8.0,0,20,6,2024,3,2,3,2.6666666666666665,3
2024-06-21,15970,19.5,0.0,19.5,Friday,,2.0,0,21,6,2024,4,2,3,4.666666666666667,3
2024-06-22,15970,39.0,0.0,19.5,Saturday,,4.0,1,22,6,2024,5,2,3,4.666666666666667,3
2024-06-23,15970,19.5,0.0,19.5,Sunday,,2.0,1,23,6,2024,6,2,3,4.666666666666667,3
2024-06-24,15970,78.0,0.0,26.0,Monday,,7.0,0,24,6,2024,0,2,3,2.6666666666666665,3
2024-06-25,15970,35.1,3.9,19.5,Tuesday,,4.0,0,25,6,2024,1,2,3,4.333333333333333,3
2024-06-26,15970,19.5,0.0,19.5,Wednesday,,2.0,0,26,6,2024,2,2,3,4.333333333333333,3
2024-06-27,15970,19.5,0.0,19.5,Thursday,,2.0,0,27,6,2024,3,2,3,4.333333333333333,3
2024-06-28,15970,39.0,0.0,19.5,Friday,,4.0,0,28,6,2024,4,2,3,2.6666666666666665,3
2024-06-29,15970,39.0,0.0,19.5,Saturday,,4.0,1,29,6,2024,5,2,3,2.6666666666666665,3
2024-07-01,15970,19.5,0.0,19.5,Monday,,2.0,0,1,7,2024,0,2,3,3.333333333333333,3
2024-07-03,15970,19.5,0.0,19.5,Wednesday,,2.0,0,3,7,2024,2,2,3,3.333333333333333,3
2024-07-04,15970,97.5,0.0,19.5,Thursday,,10.0,0,4,7,2024,3,2,3,2.6666666666666665,3
2024-07-05,15970,39.0,0.0,39.0,Friday,,3.0,0,5,7,2024,4,2,3,4.666666666666667,3
2024-07-09,15970,39.0,0.0,19.5,Tuesday,,4.0,0,9,7,2024,1,2,3,5.0,3
2024-07-10,15970,19.5,0.0,19.5,Wednesday,,2.0,0,10,7,2024,2,2,3,5.666666666666667,3
2024-07-11,15970,58.5,0.0,19.5,Thursday,,6.0,0,11,7,2024,3,2,3,3.0,3
2024-07-12,15970,78.0,0.0,19.5,Friday,,8.0,0,12,7,2024,4,2,3,4.0,3
2024-07-14,15970,39.0,0.0,19.5,Sunday,,4.0,1,14,7,2024,6,2,3,5.333333333333333,3
2024-07-15,15970,39.0,0.0,19.5,Monday,,4.0,0,15,7,2024,0,2,3,6.0,3
2024-07-16,15970,19.5,0.0,19.5,Tuesday,,2.0,0,16,7,2024,1,2,3,5.333333333333333,3
2024-07-17,15970,19.5,0.0,19.5,Wednesday,,2.0,0,17,7,2024,2,2,3,3.333333333333333,3
2024-07-18,15970,58.5,0.0,19.5,Thursday,,6.0,0,18,7,2024,3,2,3,2.6666666666666665,3
2024-07-20,15970,39.0,0.0,19.5,Saturday,,4.0,1,20,7,2024,5,2,3,3.333333333333333,3
2024-07-22,15970,19.5,0.0,19.5,Monday,,2.0,0,22,7,2024,0,2,3,4.0,3
2024-07-23,15970,19.5,0.0,19.5,Tuesday,,2.0,0,23,7,2024,1,2,3,4.0,3
2024-07-26,15970,19.5,0.0,19.5,Friday,,2.0,0,26,7,2024,4,2,3,2.6666666666666665,3
2024-07-28,15970,19.5,0.0,19.5,Sunday,,2.0,1,28,7,2024,6,2,3,2.0,3
2024-07-29,15970,39.0,0.0,19.5,Monday,,4.0,0,29,7,2024,0,2,3,2.0,3
2024-07-30,15970,39.0,0.0,19.5,Tuesday,,4.0,0,30,7,2024,1,2,3,2.6666666666666665,3
2024-07-31,15970,19.5,0.0,19.5,Wednesday,,2.0,0,31,7,2024,2,2,3,3.333333333333333,3
2024-08-01,15970,19.5,0.0,19.5,Thursday,,2.0,0,1,8,2024,3,2,3,3.333333333333333,3
2024-08-02,15970,39.0,0.0,39.0,Friday,,3.0,0,2,8,2024,4,2,3,2.6666666666666665,3
2024-08-04,15970,58.5,0.0,29.25,Sunday,,5.0,1,4,8,2024,6,2,3,2.333333333333333,3
2024-08-05,15970,58.5,0.0,19.5,Monday,,6.0,0,5,8,2024,0,2,3,3.333333333333333,3
2024-08-06,15970,39.0,0.0,19.5,Tuesday,,4.0,0,6,8,2024,1,2,3,4.666666666666667,3
2024-08-07,15970,52.0,26.0,26.0,Wednesday,,7.0,0,7,8,2024,2,2,3,5.0,3
2024-08-08,15970,26.0,13.0,19.5,Thursday,,4.0,0,8,8,2024,3,2,3,5.666666666666667,3
2024-08-09,15970,52.0,26.0,19.5,Friday,,8.0,0,9,8,2024,4,2,3,5.0,3
2024-08-10,15970,13.0,6.5,19.5,Saturday,,2.0,1,10,8,2024,5,2,3,6.333333333333333,3
2024-08-11,15970,26.0,13.0,19.5,Sunday,,4.0,1,11,8,2024,6,2,3,4.666666666666667,3
2024-08-12,15970,13.0,6.5,19.5,Monday,,2.0,0,12,8,2024,0,2,3,4.666666666666667,3
2024-08-14,15970,65.0,32.5,24.375,Wednesday,,9.0,0,14,8,2024,2,2,3,2.6666666666666665,3
2024-08-15,15970,65.0,32.5,32.5,Thursday,,8.0,0,15,8,2024,3,2,3,5.0,3
2024-08-17,15970,65.0,32.5,19.5,Saturday,,10.0,1,17,8,2024,5,2,3,6.333333333333333,3
2024-08-18,15970,13.25,25.75,19.5,Sunday,,4.0,1,18,8,2024,6,2,3,9.0,3
2024-08-19,15970,39.0,19.5,19.5,Monday,,6.0,0,19,8,2024,0,2,3,7.333333333333333,3
2024-08-20,15970,13.0,6.5,19.5,Tuesday,,2.0,0,20,8,2024,1,2,3,6.666666666666667,3
2024-08-21,15970,13.0,6.5,19.5,Wednesday,,2.0,0,21,8,2024,2,2,3,4.0,3
2024-08-22,15970,65.0,32.5,32.5,Thursday,,8.0,0,22,8,2024,3,2,3,3.333333333333333,3
2024-08-24,15970,52.0,26.0,26.0,Saturday,,7.0,1,24,8,2024,5,2,3,4.0,3
2024-08-25,15970,13.0,6.5,19.5,Sunday,,2.0,1,25,8,2024,6,2,3,5.666666666666667,3
2024-08-26,15970,52.0,26.0,19.5,Monday,,8.0,0,26,8,2024,0,2,3,5.666666666666667,3
2024-08-27,15970,52.0,26.0,26.0,Tuesday,,7.0,0,27,8,2024,1,2,3,5.666666666666667,3
2024-08-29,15970,13.0,6.5,19.5,Thursday,,2.0,0,29,8,2024,3,2,3,5.666666666666667,3
2024-08-30,15970,26.0,13.0,39.0,Friday,,3.0,0,30,8,2024,4,2,3,5.666666666666667,3
2024-09-01,15970,19.5,0.0,19.5,Sunday,,2.0,1,1,9,2024,6,2,3,4.0,3
2024-09-02,15970,39.0,0.0,39.0,Monday,,3.0,0,2,9,2024,0,2,3,2.333333333333333,3
2024-09-03,15970,19.5,0.0,19.5,Tuesday,,2.0,0,3,9,2024,1,2,3,2.6666666666666665,3
2024-09-04,15970,39.0,0.0,19.5,Wednesday,,4.0,0,4,9,2024,2,2,3,2.333333333333333,3
2024-09-05,15970,58.5,0.0,58.5,Thursday,,4.0,0,5,9,2024,3,2,3,3.0,3
2024-09-06,15970,39.0,0.0,19.5,Friday,,4.0,0,6,9,2024,4,2,3,3.333333333333333,3
2024-09-07,15970,39.0,0.0,19.5,Saturday,,4.0,1,7,9,2024,5,2,3,4.0,3
2024-09-08,15970,39.0,0.0,19.5,Sunday,,4.0,1,8,9,2024,6,2,3,4.0,3
2024-09-09,15970,19.5,0.0,19.5,Monday,,2.0,0,9,9,2024,0,2,3,4.0,3
2024-09-10,15970,78.0,0.0,26.0,Tuesday,,7.0,0,10,9,2024,1,2,3,3.333333333333333,3
2024-09-11,15970,39.0,0.0,19.5,Wednesday,,4.0,0,11,9,2024,2,2,3,4.333333333333333,3
2024-09-12,15970,39.0,0.0,19.5,Thursday,,4.0,0,12,9,2024,3,2,3,4.333333333333333,3
2024-09-13,15970,19.5,0.0,19.5,Friday,,2.0,0,13,9,2024,4,2,3,5.0,3
2024-09-22,15970,39.0,0.0,19.5,Sunday,,4.0,1,22,9,2024,6,2,3,3.333333333333333,3
2024-09-29,15970,19.5,0.0,19.5,Sunday,,2.0,1,29,9,2024,6,2,3,3.333333333333333,3
2024-04-02,41972,447.0,300.0,373.5,Tuesday,Ramadan,5.0,0,2,4,2024,1,3,4,4.637113402061856,4
2024-04-05,41972,149.0,100.0,249.0,Friday,Ramadan,2.0,0,5,4,2024,4,3,4,4.637113402061856,4
2024-04-06,41972,149.0,100.0,249.0,Saturday,Ramadan,2.0,1,6,4,2024,5,3,4,4.637113402061856,4
2024-05-11,41972,249.0,0.0,249.0,Saturday,,2.0,1,11,5,2024,5,3,3,3.0,4
2024-05-22,41972,69.0,180.0,249.0,Wednesday,,2.0,0,22,5,2024,2,3,3,2.0,4
2024-05-24,41972,345.0,900.0,249.0,Friday,,10.0,0,24,5,2024,4,3,3,2.0,4
2024-05-25,41972,69.0,180.0,249.0,Saturday,,2.0,1,25,5,2024,5,3,3,4.666666666666667,4
2024-05-28,41972,276.0,720.0,249.0,Tuesday,,8.0,0,28,5,2024,1,3,3,4.666666666666667,4
2024-05-29,41972,207.0,540.0,249.0,Wednesday,,6.0,0,29,5,2024,2,3,3,6.666666666666667,4
2024-05-30,41972,138.0,360.0,249.0,Thursday,,4.0,0,30,5,2024,3,3,3,5.333333333333333,4
2024-05-31,41972,276.0,720.0,249.0,Friday,,8.0,0,31,5,2024,4,3,3,6.0,4
2024-06-01,41972,207.0,540.0,249.0,Saturday,,6.0,1,1,6,2024,5,3,3,6.0,4
2024-06-02,41972,345.0,900.0,311.25,Sunday,,9.0,1,2,6,2024,6,3,3,6.0,4
2024-06-03,41972,345.0,900.0,249.0,Monday,,10.0,0,3,6,2024,0,3,3,7.666666666666667,4
2024-06-04,41972,276.0,720.0,332.0,Tuesday,,7.0,0,4,6,2024,1,3,3,8.333333333333334,4
2024-06-06,41972,276.0,720.0,249.0,Thursday,,8.0,0,6,6,2024,3,3,3,8.666666666666666,4
2024-06-10,41972,276.0,720.0,249.0,Monday,,8.0,0,10,6,2024,0,3,3,8.333333333333334,4
2024-06-11,41972,345.0,900.0,249.0,Tuesday,,10.0,0,11,6,2024,1,3,3,7.666666666666667,4
2024-06-12,41972,345.0,900.0,311.25,Wednesday,,9.0,0,12,6,2024,2,3,3,8.666666666666666,4
2024-06-14,41972,276.0,720.0,249.0,Friday,,8.0,0,14,6,2024,4,3,3,9.0,4
2024-06-15,41972,69.0,180.0,249.0,Saturday,,2.0,1,15,6,2024,5,3,3,9.0,4
2024-06-16,41972,345.0,900.0,249.0,Sunday,Eid al-Adha,10.0,1,16,6,2024,6,3,0,6.333333333333333,4
2024-06-20,41972,276.0,720.0,249.0,Thursday,,8.0,0,20,6,2024,3,3,3,6.666666666666667,4
2024-06-22,41972,207.0,540.0,249.0,Saturday,,6.0,1,22,6,2024,5,3,3,6.666666666666667,4
2024-06-24,41972,207.0,540.0,249.0,Monday,,6.0,0,24,6,2024,0,3,3,8.0,4
2024-06-26,41972,138.0,360.0,249.0,Wednesday,,4.0,0,26,6,2024,2,3,3,6.666666666666667,4
2024-06-27,41972,138.0,360.0,249.0,Thursday,,4.0,0,27,6,2024,3,3,3,5.333333333333333,4
2024-06-28,41972,55.2,193.8,249.0,Friday,,2.0,0,28,6,2024,4,3,3,4.666666666666667,4
2024-06-30,41972,69.0,180.0,249.0,Sunday,,2.0,1,30,6,2024,6,3,3,3.333333333333333,4
2024-07-01,41972,138.0,360.0,249.0,Monday,,4.0,0,1,7,2024,0,3,3,2.6666666666666665,4
2024-07-02,41972,207.0,540.0,249.0,Tuesday,,6.0,0,2,7,2024,1,3,3,2.6666666666666665,4
2024-07-03,41972,69.0,180.0,249.0,Wednesday,,2.0,0,3,7,2024,2,3,3,4.0,4
2024-07-04,41972,138.0,360.0,249.0,Thursday,,4.0,0,4,7,2024,3,3,3,4.0,4
2024-07-05,41972,207.0,540.0,249.0,Friday,,6.0,0,5,7,2024,4,3,3,4.0,4
2024-07-07,41972,69.0,180.0,249.0,Sunday,Islamic New Year,2.0,1,7,7,2024,6,3,2,4.0,4
2024-07-08,41972,69.0,180.0,249.0,Monday,,2.0,0,8,7,2024,0,3,3,4.0,4
2024-07-10,41972,138.0,360.0,249.0,Wednesday,,4.0,0,10,7,2024,2,3,3,3.333333333333333,4
2024-07-11,41972,69.0,180.0,249.0,Thursday,,2.0,0,11,7,2024,3,3,3,2.6666666666666665,4
2024-07-13,41972,69.0,180.0,249.0,Saturday,,2.0,1,13,7,2024,5,3,3,2.6666666666666665,4
2024-07-14,41972,69.0,180.0,249.0,Sunday,,2.0,1,14,7,2024,6,3,3,2.6666666666666665,4
2024-07-17,41972,138.0,360.0,249.0,Wednesday,,4.0,0,17,7,2024,2,3,3,2.0,4
2024-07-19,41972,138.0,360.0,249.0,Friday,,4.0,0,19,7,2024,4,3,3,2.6666666666666665,4
2024-07-20,41972,69.0,180.0,249.0,Saturday,,2.0,1,20,7,2024,5,3,3,3.333333333333333,4
2024-07-21,41972,207.0,540.0,249.0,Sunday,,6.0,1,21,7,2024,6,3,3,3.333333333333333,4
2024-07-22,41972,69.0,180.0,249.0,Monday,,2.0,0,22,7,2024,0,3,3,4.0,4
2024-07-23,41972,69.0,180.0,249.0,Tuesday,,2.0,0,23,7,2024,1,3,3,3.333333333333333,4
2024-07-25,41972,138.0,360.0,249.0,Thursday,,4.0,0,25,7,2024,3,3,3,3.333333333333333,4
2024-07-26,41972,138.0,360.0,249.0,Friday,,4.0,0,26,7,2024,4,3,3,2.6666666666666665,4
2024-07-27,41972,69.0,180.0,249.0,Saturday,,2.0,1,27,7,2024,5,3,3,3.333333333333333,4
2024-07-28,41972,207.0,540.0,373.5,Sunday,,5.0,1,28,7,2024,6,3,3,3.333333333333333,4
2024-07-29,41972,69.0,180.0,249.0,Monday,,2.0,0,29,7,2024,0,3,3,3.6666666666666665,4
2024-07-30,41972,138.0,360.0,249.0,Tuesday,,4.0,0,30,7,2024,1,3,3,3.0,4
2024-08-01,41972,69.0,180.0,249.0,Thursday,,2.0,0,1,8,2024,3,3,3,3.6666666666666665,4
2024-08-02,41972,69.0,180.0,249.0,Friday,,2.0,0,2,8,2024,4,3,3,2.6666666666666665,4
2024-08-03,41972,207.0,540.0,249.0,Saturday,,6.0,1,3,8,2024,5,3,3,2.6666666666666665,4
2024-08-05,41972,69.0,180.0,249.0,Monday,,2.0,0,5,8,2024,0,3,3,3.333333333333333,4
2024-08-07,41972,138.0,360.0,249.0,Wednesday,,4.0,0,7,8,2024,2,3,3,3.333333333333333,4
2024-08-08,41972,207.0,540.0,249.0,Thursday,,4.0,0,8,8,2024,3,3,3,4.0,4
2024-08-10,41972,276.0,720.0,249.0,Saturday,,8.0,1,10,8,2024,5,3,3,3.333333333333333,4
2024-08-11,41972,69.0,180.0,249.0,Sunday,,2.0,1,11,8,2024,6,3,3,5.333333333333333,4
2024-08-14,41972,276.0,720.0,332.0,Wednesday,,7.0,0,14,8,2024,2,3,3,4.666666666666667,4
2024-08-18,41972,138.0,360.0,249.0,Sunday,,4.0,1,18,8,2024,6,3,3,5.666666666666667,4
2024-08-19,41972,207.0,540.0,249.0,Monday,,6.0,0,19,8,2024,0,3,3,4.333333333333333,4
2024-08-20,41972,207.0,540.0,249.0,Tuesday,,6.0,0,20,8,2024,1,3,3,5.666666666666667,4
2024-08-21,41972,345.0,900.0,249.0,Wednesday,,8.0,0,21,8,2024,2,3,3,5.333333333333333,4
2024-08-22,41972,138.0,360.0,249.0,Thursday,,4.0,0,22,8,2024,3,3,3,6.666666666666667,4
2024-09-02,41972,597.0,150.0,373.5,Monday,,5.0,0,2,9,2024,0,3,3,6.0,4
2024-09-09,41972,199.0,50.0,249.0,Monday,,2.0,0,9,9,2024,0,3,3,5.666666666666667,4
2024-09-23,41972,199.0,50.0,249.0,Monday,Saudi National Day,2.0,0,23,9,2024,0,3,5,3.6666666666666665,4
2024-09-26,41972,199.0,50.0,249.0,Thursday,,2.0,0,26,9,2024,3,3,3,3.0,4
2024-04-03,52841,117.38,22.62,35.0,Wednesday,Ramadan,8.0,0,3,4,2024,2,4,4,4.637113402061856,5
2024-04-04,52841,175.0,0.0,35.0,Thursday,Ramadan,10.0,0,4,4,2024,3,4,4,4.637113402061856,5
2024-04-07,52841,105.0,0.0,35.0,Sunday,Ramadan,6.0,1,7,4,2024,6,4,4,4.637113402061856,5
2024-04-08,52841,70.0,0.0,35.0,Monday,Ramadan,4.0,0,8,4,2024,0,4,4,8.0,5
2024-04-09,52841,140.0,0.0,46.66666666666666,Tuesday,Ramadan,7.0,0,9,4,2024,1,4,4,6.666666666666667,5
2024-04-11,52841,35.0,0.0,35.0,Thursday,Eid al-Fitr,2.0,0,11,4,2024,3,4,1,5.666666666666667,5
2024-04-12,52841,140.0,0.0,35.0,Friday,Eid al-Fitr,8.0,0,12,4,2024,4,4,1,4.333333333333333,5
2024-04-13,52841,35.0,0.0,35.0,Saturday,Eid al-Fitr,2.0,1,13,4,2024,5,4,1,5.666666666666667,5
2024-04-15,52841,70.0,0.0,35.0,Monday,,4.0,0,15,4,2024,0,4,3,4.0,5
2024-04-16,52841,35.0,0.0,35.0,Tuesday,,2.0,0,16,4,2024,1,4,3,4.666666666666667,5
2024-04-18,52841,105.0,0.0,35.0,Thursday,,6.0,0,18,4,2024,3,4,3,2.6666666666666665,5
2024-04-19,52841,140.0,0.0,35.0,Friday,,8.0,0,19,4,2024,4,4,3,4.0,5
2024-04-20,52841,70.0,0.0,35.0,Saturday,,4.0,1,20,4,2024,5,4,3,5.333333333333333,5
2024-04-21,52841,35.0,0.0,35.0,Sunday,,2.0,1,21,4,2024,6,4,3,6.0,5
2024-04-22,52841,70.0,0.0,35.0,Monday,,4.0,0,22,4,2024,0,4,3,4.666666666666667,5
2024-04-23,52841,35.0,0.0,35.0,Tuesday,,2.0,0,23,4,2024,1,4,3,3.333333333333333,5
2024-04-25,52841,35.0,0.0,35.0,Thursday,,2.0,0,25,4,2024,3,4,3,2.6666666666666665,5
2024-04-26,52841,105.0,0.0,35.0,Friday,,6.0,0,26,4,2024,4,4,3,2.6666666666666665,5
2024-04-27,52841,105.0,0.0,35.0,Saturday,,6.0,1,27,4,2024,5,4,3,3.333333333333333,5
2024-04-28,52841,105.0,0.0,35.0,Sunday,,6.0,1,28,4,2024,6,4,3,4.666666666666667,5
2024-04-29,52841,35.0,0.0,35.0,Monday,,2.0,0,29,4,2024,0,4,3,6.0,5
2024-04-30,52841,35.0,0.0,35.0,Tuesday,,2.0,0,30,4,2024,1,4,3,4.666666666666667,5
2024-05-01,52841,140.0,0.0,35.0,Wednesday,,8.0,0,1,5,2024,2,4,3,3.333333333333333,5
2024-05-02,52841,35.0,0.0,35.0,Thursday,,2.0,0,2,5,2024,3,4,3,4.0,5
2024-05-03,52841,105.0,0.0,35.0,Friday,,6.0,0,3,5,2024,4,4,3,4.0,5
2024-05-05,52841,70.0,0.0,35.0,Sunday,,4.0,1,5,5,2024,6,4,3,5.333333333333333,5
2024-05-07,52841,35.0,0.0,35.0,Tuesday,,2.0,0,7,5,2024,1,4,3,4.0,5
2024-05-08,52841,105.0,0.0,52.5,Wednesday,,5.0,0,8,5,2024,2,4,3,4.0,5
2024-05-09,52841,35.0,0.0,35.0,Thursday,,2.0,0,9,5,2024,3,4,3,3.6666666666666665,5
2024-05-11,52841,140.0,0.0,35.0,Saturday,,8.0,1,11,5,2024,5,4,3,3.0,5
2024-05-13,52841,105.0,0.0,35.0,Monday,,6.0,0,13,5,2024,0,4,3,5.0,5
2024-05-14,52841,70.0,0.0,35.0,Tuesday,,4.0,0,14,5,2024,1,4,3,5.333333333333333,5
2024-05-15,52841,140.0,0.0,70.0,Wednesday,,6.0,0,15,5,2024,2,4,3,6.0,5
2024-05-16,52841,175.0,0.0,58.333333333333336,Thursday,,8.0,0,16,5,2024,3,4,3,5.333333333333333,5
2024-05-17,52841,35.0,0.0,35.0,Friday,,2.0,0,17,5,2024,4,4,3,6.0,5
2024-05-18,52841,35.0,0.0,35.0,Saturday,,2.0,1,18,5,2024,5,4,3,5.333333333333333,5
2024-05-20,52841,35.0,0.0,35.0,Monday,,2.0,0,20,5,2024,0,4,3,4.0,5
2024-05-21,52841,70.0,0.0,35.0,Tuesday,,4.0,0,21,5,2024,1,4,3,2.0,5
2024-05-22,52841,140.0,35.0,58.333333333333336,Wednesday,,8.0,0,22,5,2024,2,4,3,2.6666666666666665,5
2024-05-23,52841,112.0,28.0,35.0,Thursday,,8.0,0,23,5,2024,3,4,3,4.666666666666667,5
2024-05-24,52841,112.0,28.0,35.0,Friday,,8.0,0,24,5,2024,4,4,3,6.666666666666667,5
2024-05-25,52841,140.0,35.0,43.75,Saturday,,9.0,1,25,5,2024,5,4,3,8.0,5
2024-05-26,52841,140.0,35.0,35.0,Sunday,,10.0,1,26,5,2024,6,4,3,8.333333333333334,5
2024-05-27,52841,84.0,21.0,35.0,Monday,,6.0,0,27,5,2024,0,4,3,9.0,5
2024-05-28,52841,56.0,14.0,35.0,Tuesday,,4.0,0,28,5,2024,1,4,3,8.333333333333334,5
2024-05-29,52841,112.0,28.0,35.0,Wednesday,,8.0,0,29,5,2024,2,4,3,6.666666666666667,5
2024-05-30,52841,28.0,7.0,35.0,Thursday,,2.0,0,30,5,2024,3,4,3,6.0,5
2024-05-31,52841,84.0,21.0,35.0,Friday,,6.0,0,31,5,2024,4,4,3,4.666666666666667,5
2024-06-01,52841,84.0,21.0,35.0,Saturday,,6.0,1,1,6,2024,5,4,3,5.333333333333333,5
2024-06-02,52841,112.0,28.0,35.0,Sunday,,8.0,1,2,6,2024,6,4,3,4.666666666666667,5
2024-06-03,52841,112.0,28.0,70.0,Monday,,6.0,0,3,6,2024,0,4,3,6.666666666666667,5
2024-06-04,52841,112.0,28.0,46.66666666666666,Tuesday,,7.0,0,4,6,2024,1,4,3,6.666666666666667,5
2024-06-05,52841,56.0,14.0,35.0,Wednesday,,4.0,0,5,6,2024,2,4,3,7.0,5
2024-06-07,52841,140.0,35.0,35.0,Friday,,9.0,0,7,6,2024,4,4,3,5.666666666666667,5
2024-06-08,52841,140.0,35.0,87.5,Saturday,,7.0,1,8,6,2024,5,4,3,6.666666666666667,5
2024-06-09,52841,112.0,28.0,35.0,Sunday,,8.0,1,9,6,2024,6,4,3,6.666666666666667,5
2024-06-11,52841,84.0,21.0,35.0,Tuesday,,6.0,0,11,6,2024,1,4,3,8.0,5
2024-06-12,52841,105.0,0.0,35.0,Wednesday,,6.0,0,12,6,2024,2,4,3,7.0,5
2024-06-15,52841,70.0,0.0,35.0,Saturday,,4.0,1,15,6,2024,5,4,3,6.666666666666667,5
2024-06-17,52841,35.0,0.0,35.0,Monday,Eid al-Adha,2.0,0,17,6,2024,0,4,0,5.333333333333333,5
2024-06-18,52841,70.0,0.0,35.0,Tuesday,Eid al-Adha,4.0,0,18,6,2024,1,4,0,4.0,5
2024-06-19,52841,58.0,12.0,35.0,Wednesday,Eid al-Adha,4.0,0,19,6,2024,2,4,0,3.333333333333333,5
2024-06-20,52841,29.0,6.0,35.0,Thursday,,2.0,0,20,6,2024,3,4,3,3.333333333333333,5
2024-06-21,52841,87.0,18.0,35.0,Friday,,6.0,0,21,6,2024,4,4,3,3.333333333333333,5
2024-06-22,52841,58.0,12.0,35.0,Saturday,,4.0,1,22,6,2024,5,4,3,4.0,5
2024-06-23,52841,116.0,24.0,35.0,Sunday,,8.0,1,23,6,2024,6,4,3,4.0,5
2024-06-24,52841,58.0,12.0,35.0,Monday,,4.0,0,24,6,2024,0,4,3,6.0,5
2024-06-25,52841,116.0,24.0,46.66666666666666,Tuesday,,7.0,0,25,6,2024,1,4,3,5.333333333333333,5
2024-06-27,52841,29.0,6.0,35.0,Thursday,,2.0,0,27,6,2024,3,4,3,6.333333333333333,5
2024-06-28,52841,29.0,6.0,35.0,Friday,,2.0,0,28,6,2024,4,4,3,4.333333333333333,5
2024-06-29,52841,87.0,18.0,35.0,Saturday,,6.0,1,29,6,2024,5,4,3,3.6666666666666665,5
2024-07-01,52841,87.0,18.0,35.0,Monday,,6.0,0,1,7,2024,0,4,3,3.333333333333333,5
2024-07-03,52841,87.0,18.0,105.0,Wednesday,,4.0,0,3,7,2024,2,4,3,4.666666666666667,5
2024-07-04,52841,87.0,18.0,35.0,Thursday,,6.0,0,4,7,2024,3,4,3,5.333333333333333,5
2024-07-05,52841,58.0,12.0,35.0,Friday,,4.0,0,5,7,2024,4,4,3,5.333333333333333,5
2024-07-06,52841,145.0,30.0,35.0,Saturday,,10.0,1,6,7,2024,5,4,3,4.666666666666667,5
2024-07-07,52841,29.0,6.0,35.0,Sunday,Islamic New Year,2.0,1,7,7,2024,6,4,2,6.666666666666667,5
2024-07-09,52841,87.0,18.0,35.0,Tuesday,,6.0,0,9,7,2024,1,4,3,5.333333333333333,5
2024-07-10,52841,35.0,0.0,35.0,Wednesday,,2.0,0,10,7,2024,2,4,3,6.0,5
2024-07-11,52841,35.0,0.0,35.0,Thursday,,2.0,0,11,7,2024,3,4,3,3.333333333333333,5
2024-07-12,52841,70.0,0.0,35.0,Friday,,4.0,0,12,7,2024,4,4,3,3.333333333333333,5
2024-07-13,52841,105.0,0.0,35.0,Saturday,,6.0,1,13,7,2024,5,4,3,2.6666666666666665,5
2024-07-14,52841,35.0,0.0,35.0,Sunday,,2.0,1,14,7,2024,6,4,3,4.0,5
2024-07-15,52841,105.0,0.0,35.0,Monday,,6.0,0,15,7,2024,0,4,3,4.0,5
2024-07-16,52841,35.0,0.0,35.0,Tuesday,,2.0,0,16,7,2024,1,4,3,4.666666666666667,5
2024-07-18,52841,35.0,0.0,35.0,Thursday,,2.0,0,18,7,2024,3,4,3,3.333333333333333,5
2024-07-20,52841,105.0,0.0,35.0,Saturday,,6.0,1,20,7,2024,5,4,3,3.333333333333333,5
2024-07-21,52841,35.0,0.0,35.0,Sunday,,2.0,1,21,7,2024,6,4,3,3.333333333333333,5
2024-07-22,52841,70.0,0.0,35.0,Monday,,4.0,0,22,7,2024,0,4,3,3.333333333333333,5
2024-07-23,52841,175.0,0.0,43.75,Tuesday,,9.0,0,23,7,2024,1,4,3,4.0,5
2024-07-24,52841,35.0,0.0,35.0,Wednesday,,2.0,0,24,7,2024,2,4,3,5.0,5
2024-07-26,52841,35.0,0.0,35.0,Friday,,2.0,0,26,7,2024,4,4,3,5.0,5
2024-07-27,52841,35.0,0.0,35.0,Saturday,,2.0,1,27,7,2024,5,4,3,4.333333333333333,5
2024-07-28,52841,35.0,0.0,35.0,Sunday,,2.0,1,28,7,2024,6,4,3,2.0,5
2024-07-29,52841,140.0,0.0,35.0,Monday,,8.0,0,29,7,2024,0,4,3,2.0,5
2024-07-30,52841,70.0,0.0,35.0,Tuesday,,4.0,0,30,7,2024,1,4,3,4.0,5
2024-07-31,52841,35.0,0.0,35.0,Wednesday,,2.0,0,31,7,2024,2,4,3,4.666666666666667,5
2024-08-01,52841,70.0,0.0,35.0,Thursday,,4.0,0,1,8,2024,3,4,3,4.666666666666667,5
2024-08-02,52841,35.0,0.0,35.0,Friday,,2.0,0,2,8,2024,4,4,3,3.333333333333333,5
2024-08-05,52841,35.0,0.0,35.0,Monday,,2.0,0,5,8,2024,0,4,3,2.6666666666666665,5
2024-08-06,52841,35.0,0.0,35.0,Tuesday,,2.0,0,6,8,2024,1,4,3,2.6666666666666665,5
2024-08-08,52841,35.0,0.0,35.0,Thursday,,2.0,0,8,8,2024,3,4,3,2.0,5
2024-08-10,52841,35.0,0.0,35.0,Saturday,,2.0,1,10,8,2024,5,4,3,2.0,5
2024-04-01,55589,105.0,29.25,44.75,Monday,Ramadan,6.0,0,1,4,2024,0,5,4,4.637113402061856,6
2024-04-02,55589,70.0,19.5,44.75,Tuesday,Ramadan,4.0,0,2,4,2024,1,5,4,4.637113402061856,6
2024-04-03,55589,70.0,19.5,44.75,Wednesday,Ramadan,4.0,0,3,4,2024,2,5,4,4.637113402061856,6
2024-04-04,55589,140.0,39.0,59.66666666666666,Thursday,Ramadan,7.0,0,4,4,2024,3,5,4,4.666666666666667,6
2024-04-05,55589,140.0,39.0,179.0,Friday,Ramadan,5.0,0,5,4,2024,4,5,4,5.0,6
2024-04-08,55589,35.0,9.75,44.75,Monday,Ramadan,2.0,0,8,4,2024,0,5,4,5.333333333333333,6
2024-04-09,55589,105.0,29.25,44.75,Tuesday,Ramadan,6.0,0,9,4,2024,1,5,4,4.666666666666667,6
2024-04-10,55589,70.92,63.33,67.125,Wednesday,Eid al-Fitr,5.0,0,10,4,2024,2,5,1,4.333333333333333,6
2024-04-11,55589,70.0,19.5,44.75,Thursday,Eid al-Fitr,4.0,0,11,4,2024,3,5,1,4.333333333333333,6
2024-04-12,55589,175.0,48.75,55.9375,Friday,Eid al-Fitr,9.0,0,12,4,2024,4,5,1,5.0,6
2024-04-13,55589,70.0,19.5,44.75,Saturday,Eid al-Fitr,4.0,1,13,4,2024,5,5,1,6.0,6
2024-04-14,55589,89.5,0.0,44.75,Sunday,,4.0,1,14,4,2024,6,5,3,5.666666666666667,6
2024-04-15,55589,179.0,0.0,89.5,Monday,,6.0,0,15,4,2024,0,5,3,5.666666666666667,6
2024-04-16,55589,134.25,0.0,44.75,Tuesday,,6.0,0,16,4,2024,1,5,3,4.666666666666667,6
2024-04-17,55589,89.5,0.0,89.5,Wednesday,,3.0,0,17,4,2024,2,5,3,5.333333333333333,6
2024-04-18,55589,44.75,0.0,44.75,Thursday,,2.0,0,18,4,2024,3,5,3,5.0,6
2024-04-21,55589,89.5,0.0,44.75,Sunday,,4.0,1,21,4,2024,6,5,3,3.6666666666666665,6
2024-04-22,55589,89.5,0.0,44.75,Monday,,4.0,0,22,4,2024,0,5,3,3.0,6
2024-04-23,55589,44.75,0.0,44.75,Tuesday,,2.0,0,23,4,2024,1,5,3,3.333333333333333,6
2024-04-25,55589,116.0,63.0,59.66666666666666,Thursday,,7.0,0,25,4,2024,3,5,3,3.333333333333333,6
2024-04-28,55589,87.0,47.25,44.75,Sunday,,6.0,1,28,4,2024,6,5,3,4.333333333333333,6
2024-05-22,55589,79.0,100.0,59.66666666666666,Wednesday,,7.0,0,22,5,2024,2,5,3,5.0,6
2024-06-16,55589,44.75,0.0,44.75,Sunday,Eid al-Adha,2.0,1,16,6,2024,6,5,0,6.666666666666667,6
2024-06-17,55589,89.5,0.0,44.75,Monday,Eid al-Adha,4.0,0,17,6,2024,0,5,0,5.0,6
2024-06-18,55589,44.75,0.0,44.75,Tuesday,Eid al-Adha,2.0,0,18,6,2024,1,5,0,4.333333333333333,6
2024-06-21,55589,149.75,74.0,55.9375,Friday,,9.0,0,21,6,2024,4,5,3,2.6666666666666665,6
2024-07-07,55589,119.8,40.0,79.9,Sunday,Islamic New Year,6.0,1,7,7,2024,6,5,2,5.0,6
2024-07-10,55589,119.85,0.0,59.925,Wednesday,,5.0,0,10,7,2024,2,5,3,5.666666666666667,6
2024-07-13,55589,39.95,0.0,39.95,Saturday,,2.0,1,13,7,2024,5,5,3,6.666666666666667,6
2024-07-16,55589,159.8,0.0,53.26666666666667,Tuesday,,7.0,0,16,7,2024,1,5,3,4.333333333333333,6
2024-07-18,55589,199.75,0.0,39.95,Thursday,,10.0,0,18,7,2024,3,5,3,4.666666666666667,6
2024-07-20,55589,199.75,0.0,39.95,Saturday,,10.0,1,20,7,2024,5,5,3,6.333333333333333,6
2024-07-25,55589,159.8,0.0,39.95,Thursday,,8.0,0,25,7,2024,3,5,3,9.0,6
2024-07-28,55589,159.8,0.0,53.26666666666667,Sunday,,7.0,1,28,7,2024,6,5,3,9.333333333333334,6
2024-08-03,55589,199.75,0.0,39.95,Saturday,,10.0,1,3,8,2024,5,5,3,8.333333333333334,6
2024-08-04,55589,199.75,0.0,49.9375,Sunday,,9.0,1,4,8,2024,6,5,3,8.333333333333334,6
2024-08-06,55589,39.95,0.0,39.95,Tuesday,,2.0,0,6,8,2024,1,5,3,8.666666666666666,6
2024-08-08,55589,79.9,0.0,39.95,Thursday,,4.0,0,8,8,2024,3,5,3,7.0,6
2024-08-09,55589,79.9,0.0,39.95,Friday,,4.0,0,9,8,2024,4,5,3,5.0,6
2024-08-11,55589,39.95,0.0,39.95,Sunday,,2.0,1,11,8,2024,6,5,3,3.333333333333333,6
2024-08-12,55589,39.95,0.0,39.95,Monday,,2.0,0,12,8,2024,0,5,3,3.333333333333333,6
2024-08-13,55589,119.85,0.0,59.925,Tuesday,,5.0,0,13,8,2024,1,5,3,2.6666666666666665,6
2024-08-14,55589,199.75,0.0,49.9375,Wednesday,,9.0,0,14,8,2024,2,5,3,3.0,6
2024-08-15,55589,119.85,0.0,39.95,Thursday,,6.0,0,15,8,2024,3,5,3,5.333333333333333,6
2024-08-18,55589,119.8,0.0,39.93333333333333,Sunday,,7.0,1,18,8,2024,6,5,3,6.666666666666667,6
2024-08-19,55589,149.75,0.0,37.4375,Monday,,9.0,0,19,8,2024,0,5,3,7.333333333333333,6
2024-08-20,55589,89.85,0.0,44.925,Tuesday,,5.0,0,20,8,2024,1,5,3,7.333333333333333,6
2024-08-21,55589,29.95,0.0,29.95,Wednesday,,2.0,0,21,8,2024,2,5,3,7.0,6
2024-08-22,55589,29.95,0.0,29.95,Thursday,,2.0,0,22,8,2024,3,5,3,5.333333333333333,6
2024-08-25,55589,59.9,0.0,59.9,Sunday,,3.0,1,25,8,2024,6,5,3,3.0,6
2024-08-26,55589,29.95,0.0,29.95,Monday,,2.0,0,26,8,2024,0,5,3,2.333333333333333,6
2024-08-31,55589,100.0,0.0,25.0,Saturday,,8.0,1,31,8,2024,5,5,3,2.333333333333333,6
2024-09-01,55589,125.0,0.0,41.66666666666666,Sunday,,8.0,1,1,9,2024,6,5,3,4.333333333333333,6
2024-09-02,55589,100.0,0.0,100.0,Monday,,5.0,0,2,9,2024,0,5,3,6.0,6
2024-09-03,55589,75.0,0.0,37.5,Tuesday,,5.0,0,3,9,2024,1,5,3,7.0,6
2024-09-04,55589,100.0,0.0,50.0,Wednesday,,6.0,0,4,9,2024,2,5,3,6.0,6
2024-09-05,55589,50.0,0.0,50.0,Thursday,,3.0,0,5,9,2024,3,5,3,5.333333333333333,6
2024-09-08,55589,25.0,0.0,25.0,Sunday,,2.0,1,8,9,2024,6,5,3,4.666666666666667,6
2024-09-10,55589,125.0,0.0,41.66666666666666,Tuesday,,8.0,0,10,9,2024,1,5,3,3.6666666666666665,6
2024-09-11,55589,25.0,0.0,25.0,Wednesday,,2.0,0,11,9,2024,2,5,3,4.333333333333333,6
2024-09-12,55589,100.0,0.0,33.333333333333336,Thursday,,7.0,0,12,9,2024,3,5,3,4.0,6
2024-09-14,55589,25.0,0.0,25.0,Saturday,,2.0,1,14,9,2024,5,5,3,5.666666666666667,6
2024-09-15,55589,75.0,0.0,37.5,Sunday,,5.0,1,15,9,2024,6,5,3,3.6666666666666665,6
2024-09-17,55589,50.0,0.0,25.0,Tuesday,,4.0,0,17,9,2024,1,5,3,4.666666666666667,6
2024-09-20,55589,50.0,0.0,25.0,Friday,,4.0,0,20,9,2024,4,5,3,3.6666666666666665,6
2024-09-21,55589,25.0,0.0,25.0,Saturday,,2.0,1,21,9,2024,5,5,3,4.333333333333333,6
2024-09-22,55589,50.0,0.0,50.0,Sunday,,3.0,1,22,9,2024,6,5,3,3.333333333333333,6
2024-09-23,55589,25.0,0.0,25.0,Monday,Saudi National Day,2.0,0,23,9,2024,0,5,5,3.0,6
2024-09-24,55589,25.0,0.0,25.0,Tuesday,,2.0,0,24,9,2024,1,5,3,2.333333333333333,6
2024-09-25,55589,95.0,5.0,25.0,Wednesday,,8.0,0,25,9,2024,2,5,3,2.333333333333333,6
2024-09-29,55589,125.0,0.0,31.25,Sunday,,9.0,1,29,9,2024,6,5,3,4.0,6
2024-09-30,55589,125.0,0.0,41.66666666666666,Monday,,8.0,0,30,9,2024,0,5,3,6.333333333333333,6
2024-04-01,64951,23.5,0.0,11.75,Monday,Ramadan,4.0,0,1,4,2024,0,6,4,4.637113402061856,7
2024-04-02,64951,11.75,0.0,11.75,Tuesday,Ramadan,2.0,0,2,4,2024,1,6,4,4.637113402061856,7
2024-04-03,64951,11.75,0.0,11.75,Wednesday,Ramadan,2.0,0,3,4,2024,2,6,4,4.637113402061856,7
2024-04-05,64951,11.75,0.0,11.75,Friday,Ramadan,2.0,0,5,4,2024,4,6,4,2.6666666666666665,7
2024-04-06,64951,11.75,0.0,11.75,Saturday,Ramadan,2.0,1,6,4,2024,5,6,4,2.0,7
2024-04-07,64951,58.75,0.0,19.58333333333333,Sunday,Ramadan,8.0,1,7,4,2024,6,6,4,2.0,7
2024-04-08,64951,23.5,0.0,11.75,Monday,Ramadan,4.0,0,8,4,2024,0,6,4,4.0,7
2024-04-09,64951,11.75,0.0,11.75,Tuesday,Ramadan,2.0,0,9,4,2024,1,6,4,4.666666666666667,7
2024-04-11,64951,11.75,0.0,11.75,Thursday,Eid al-Fitr,2.0,0,11,4,2024,3,6,1,4.666666666666667,7
2024-04-12,64951,47.0,0.0,11.75,Friday,Eid al-Fitr,8.0,0,12,4,2024,4,6,1,2.6666666666666665,7
2024-04-13,64951,23.5,0.0,11.75,Saturday,Eid al-Fitr,4.0,1,13,4,2024,5,6,1,4.0,7
2024-04-14,64951,23.5,0.0,11.75,Sunday,,4.0,1,14,4,2024,6,6,3,4.666666666666667,7
2024-04-15,64951,47.0,0.0,11.75,Monday,,8.0,0,15,4,2024,0,6,3,5.333333333333333,7
2024-04-16,64951,23.5,0.0,11.75,Tuesday,,4.0,0,16,4,2024,1,6,3,5.333333333333333,7
2024-04-17,64951,11.75,0.0,11.75,Wednesday,,2.0,0,17,4,2024,2,6,3,5.333333333333333,7
2024-04-20,64951,23.5,0.0,11.75,Saturday,,4.0,1,20,4,2024,5,6,3,4.666666666666667,7
2024-04-22,64951,58.75,0.0,29.375,Monday,,7.0,0,22,4,2024,0,6,3,3.333333333333333,7
2024-04-23,64951,11.75,0.0,11.75,Tuesday,,2.0,0,23,4,2024,1,6,3,4.333333333333333,7
2024-04-24,64951,11.75,0.0,11.75,Wednesday,,2.0,0,24,4,2024,2,6,3,4.333333333333333,7
2024-04-26,64951,47.0,0.0,15.666666666666666,Friday,,7.0,0,26,4,2024,4,6,3,3.6666666666666665,7
2024-04-28,64951,23.5,0.0,11.75,Sunday,,4.0,1,28,4,2024,6,6,3,3.6666666666666665,7
2024-04-30,64951,23.5,0.0,11.75,Tuesday,,4.0,0,30,4,2024,1,6,3,4.333333333333333,7
2024-05-02,64951,23.5,0.0,11.75,Thursday,,4.0,0,2,5,2024,3,6,3,5.0,7
2024-05-03,64951,11.75,0.0,11.75,Friday,,2.0,0,3,5,2024,4,6,3,4.0,7
2024-05-04,64951,58.75,0.0,11.75,Saturday,,10.0,1,4,5,2024,5,6,3,3.333333333333333,7
2024-05-05,64951,11.75,0.0,11.75,Sunday,,2.0,1,5,5,2024,6,6,3,5.333333333333333,7
2024-05-06,64951,35.25,0.0,17.625,Monday,,5.0,0,6,5,2024,0,6,3,4.666666666666667,7
2024-05-07,64951,35.25,0.0,11.75,Tuesday,,6.0,0,7,5,2024,1,6,3,5.666666666666667,7
2024-05-08,64951,23.5,0.0,11.75,Wednesday,,4.0,0,8,5,2024,2,6,3,4.333333333333333,7
2024-05-09,64951,11.75,0.0,11.75,Thursday,,2.0,0,9,5,2024,3,6,3,5.0,7
2024-05-10,64951,23.5,0.0,11.75,Friday,,4.0,0,10,5,2024,4,6,3,4.0,7
2024-05-11,64951,35.25,0.0,17.625,Saturday,,5.0,1,11,5,2024,5,6,3,3.333333333333333,7
2024-05-13,64951,11.75,0.0,11.75,Monday,,2.0,0,13,5,2024,0,6,3,3.6666666666666665,7
2024-05-14,64951,35.25,0.0,17.625,Tuesday,,5.0,0,14,5,2024,1,6,3,3.6666666666666665,7
2024-05-15,64951,47.0,0.0,15.666666666666666,Wednesday,,7.0,0,15,5,2024,2,6,3,4.0,7
2024-05-16,64951,11.75,0.0,11.75,Thursday,,2.0,0,16,5,2024,3,6,3,4.666666666666667,7
2024-05-17,64951,11.75,0.0,11.75,Friday,,2.0,0,17,5,2024,4,6,3,4.666666666666667,7
2024-05-20,64951,11.75,0.0,11.75,Monday,,2.0,0,20,5,2024,0,6,3,3.6666666666666665,7
2024-05-24,64951,23.5,0.0,11.75,Friday,,4.0,0,24,5,2024,4,6,3,2.0,7
2024-05-25,64951,11.75,0.0,11.75,Saturday,,2.0,1,25,5,2024,5,6,3,2.6666666666666665,7
2024-05-26,64951,23.5,0.0,11.75,Sunday,,4.0,1,26,5,2024,6,6,3,2.6666666666666665,7
2024-05-27,64951,11.75,0.0,11.75,Monday,,2.0,0,27,5,2024,0,6,3,3.333333333333333,7
2024-05-28,64951,11.75,0.0,11.75,Tuesday,,2.0,0,28,5,2024,1,6,3,2.6666666666666665,7
2024-05-29,64951,11.75,0.0,11.75,Wednesday,,2.0,0,29,5,2024,2,6,3,2.6666666666666665,7
2024-06-03,64951,47.0,0.0,11.75,Monday,,8.0,0,3,6,2024,0,6,3,2.0,7
2024-06-04,64951,58.75,0.0,11.75,Tuesday,,10.0,0,4,6,2024,1,6,3,4.0,7
2024-06-10,64951,35.25,0.0,11.75,Monday,,6.0,0,10,6,2024,0,6,3,6.666666666666667,7
2024-06-17,64951,23.5,0.0,11.75,Monday,Eid al-Adha,4.0,0,17,6,2024,0,6,0,8.0,7
2024-06-23,64951,23.5,0.0,11.75,Sunday,,4.0,1,23,6,2024,6,6,3,6.666666666666667,7
2024-06-24,64951,35.25,0.0,11.75,Monday,,6.0,0,24,6,2024,0,6,3,4.666666666666667,7
2024-06-25,64951,56.4,2.35,14.6875,Tuesday,,9.0,0,25,6,2024,1,6,3,4.666666666666667,7
2024-06-26,64951,11.75,0.0,11.75,Wednesday,,2.0,0,26,6,2024,2,6,3,6.333333333333333,7
2024-06-28,64951,58.75,0.0,11.75,Friday,,10.0,0,28,6,2024,4,6,3,5.666666666666667,7
2024-06-30,64951,56.4,2.35,11.75,Sunday,,10.0,1,30,6,2024,6,6,3,7.0,7
2024-07-02,64951,47.0,0.0,11.75,Tuesday,,8.0,0,2,7,2024,1,6,3,7.333333333333333,7
2024-07-04,64951,35.25,0.0,11.75,Thursday,,6.0,0,4,7,2024,3,6,3,9.333333333333334,7
2024-07-07,64951,35.25,0.0,11.75,Sunday,Islamic New Year,6.0,1,7,7,2024,6,6,2,8.0,7
2024-07-08,64951,35.25,0.0,11.75,Monday,,6.0,0,8,7,2024,0,6,3,6.666666666666667,7
2024-07-11,64951,58.75,0.0,19.58333333333333,Thursday,,8.0,0,11,7,2024,3,6,3,6.0,7
2024-07-14,64951,47.0,0.0,15.666666666666666,Sunday,,7.0,1,14,7,2024,6,6,3,6.666666666666667,7
2024-07-16,64951,47.0,0.0,15.666666666666666,Tuesday,,7.0,0,16,7,2024,1,6,3,7.0,7
2024-07-20,64951,23.5,0.0,11.75,Saturday,,4.0,1,20,7,2024,5,6,3,7.333333333333333,7
2024-07-22,64951,58.75,0.0,14.6875,Monday,,9.0,0,22,7,2024,0,6,3,6.0,7
2024-07-24,64951,21.9,1.6,11.75,Wednesday,,4.0,0,24,7,2024,2,6,3,6.666666666666667,7
2024-07-27,64951,32.849999999999994,2.4000000000000004,17.625,Saturday,,5.0,1,27,7,2024,5,6,3,5.666666666666667,7
2024-07-30,64951,10.95,0.8,11.75,Tuesday,,2.0,0,30,7,2024,1,6,3,6.0,7
2024-08-01,64951,32.849999999999994,2.4000000000000004,11.75,Thursday,,6.0,0,1,8,2024,3,6,3,3.6666666666666665,7
2024-08-02,64951,43.8,3.2,23.5,Friday,,6.0,0,2,8,2024,4,6,3,4.333333333333333,7
2024-08-03,64951,43.8,3.2,15.666666666666666,Saturday,,7.0,1,3,8,2024,5,6,3,4.666666666666667,7
2024-08-05,64951,10.95,0.8,11.75,Monday,,2.0,0,5,8,2024,0,6,3,6.333333333333333,7
2024-08-08,64951,23.5,0.0,11.75,Thursday,,4.0,0,8,8,2024,3,6,3,5.0,7
2024-08-09,64951,11.75,0.0,11.75,Friday,,2.0,0,9,8,2024,4,6,3,4.333333333333333,7
2024-08-10,64951,11.75,0.0,11.75,Saturday,,2.0,1,10,8,2024,5,6,3,2.6666666666666665,7
2024-08-11,64951,11.75,0.0,11.75,Sunday,,2.0,1,11,8,2024,6,6,3,2.6666666666666665,7
2024-08-12,64951,11.75,0.0,11.75,Monday,,2.0,0,12,8,2024,0,6,3,2.0,7
2024-08-14,64951,23.5,0.0,23.5,Wednesday,,3.0,0,14,8,2024,2,6,3,2.0,7
2024-08-18,64951,11.85,11.65,11.75,Sunday,,4.0,1,18,8,2024,6,6,3,2.333333333333333,7
2024-08-19,64951,35.25,0.0,17.625,Monday,,5.0,0,19,8,2024,0,6,3,3.0,7
2024-08-22,64951,11.8,11.7,11.75,Thursday,,4.0,0,22,8,2024,3,6,3,4.0,7
2024-08-24,64951,23.5,0.0,11.75,Saturday,,4.0,1,24,8,2024,5,6,3,4.333333333333333,7
2024-08-27,64951,11.75,0.0,11.75,Tuesday,,2.0,0,27,8,2024,1,6,3,4.333333333333333,7
2024-08-29,64951,11.75,0.0,11.75,Thursday,,2.0,0,29,8,2024,3,6,3,3.333333333333333,7
2024-08-30,64951,23.5,0.0,11.75,Friday,,4.0,0,30,8,2024,4,6,3,2.6666666666666665,7
2024-08-31,64951,35.25,0.0,35.25,Saturday,,4.0,1,31,8,2024,5,6,3,2.6666666666666665,7
2024-09-01,64951,11.75,0.0,11.75,Sunday,,2.0,1,1,9,2024,6,6,3,3.333333333333333,7
2024-09-02,64951,23.5,0.0,11.75,Monday,,4.0,0,2,9,2024,0,6,3,3.333333333333333,7
2024-09-03,64951,11.75,0.0,11.75,Tuesday,,2.0,0,3,9,2024,1,6,3,3.333333333333333,7
2024-09-07,64951,11.75,0.0,11.75,Saturday,,2.0,1,7,9,2024,5,6,3,2.6666666666666665,7
2024-09-12,64951,23.5,0.0,23.5,Thursday,,3.0,0,12,9,2024,3,6,3,2.6666666666666665,7
2024-09-14,64951,23.5,0.0,11.75,Saturday,,4.0,1,14,9,2024,5,6,3,2.333333333333333,7
2024-04-01,64952,11.75,0.0,11.75,Monday,Ramadan,2.0,0,1,4,2024,0,7,4,4.637113402061856,8
2024-04-02,64952,11.75,0.0,11.75,Tuesday,Ramadan,2.0,0,2,4,2024,1,7,4,4.637113402061856,8
2024-04-03,64952,23.5,0.0,11.75,Wednesday,Ramadan,4.0,0,3,4,2024,2,7,4,4.637113402061856,8
2024-04-04,64952,35.25,0.0,17.625,Thursday,Ramadan,5.0,0,4,4,2024,3,7,4,2.6666666666666665,8
2024-04-08,64952,47.0,0.0,15.666666666666666,Monday,Ramadan,7.0,0,8,4,2024,0,7,4,3.6666666666666665,8
2024-04-11,64952,11.75,0.0,11.75,Thursday,Eid al-Fitr,2.0,0,11,4,2024,3,7,1,5.333333333333333,8
2024-04-12,64952,58.75,0.0,14.6875,Friday,Eid al-Fitr,9.0,0,12,4,2024,4,7,1,4.666666666666667,8
2024-04-13,64952,23.5,0.0,11.75,Saturday,Eid al-Fitr,4.0,1,13,4,2024,5,7,1,6.0,8
2024-04-14,64952,23.5,0.0,11.75,Sunday,,4.0,1,14,4,2024,6,7,3,5.0,8
2024-04-15,64952,11.75,0.0,11.75,Monday,,2.0,0,15,4,2024,0,7,3,5.666666666666667,8
2024-04-17,64952,47.0,0.0,11.75,Wednesday,,8.0,0,17,4,2024,2,7,3,3.333333333333333,8
2024-04-18,64952,23.5,0.0,23.5,Thursday,,3.0,0,18,4,2024,3,7,3,4.666666666666667,8
2024-04-19,64952,11.75,0.0,11.75,Friday,,2.0,0,19,4,2024,4,7,3,4.333333333333333,8
2024-04-20,64952,35.25,0.0,11.75,Saturday,,6.0,1,20,4,2024,5,7,3,4.333333333333333,8
2024-04-21,64952,23.5,0.0,11.75,Sunday,,4.0,1,21,4,2024,6,7,3,3.6666666666666665,8
2024-04-22,64952,23.5,0.0,11.75,Monday,,4.0,0,22,4,2024,0,7,3,4.0,8
2024-04-24,64952,11.75,0.0,11.75,Wednesday,,2.0,0,24,4,2024,2,7,3,4.666666666666667,8
2024-04-25,64952,35.25,0.0,11.75,Thursday,,6.0,0,25,4,2024,3,7,3,3.333333333333333,8
2024-04-26,64952,11.75,0.0,11.75,Friday,,2.0,0,26,4,2024,4,7,3,4.0,8
2024-04-27,64952,47.0,0.0,11.75,Saturday,,8.0,1,27,4,2024,5,7,3,3.333333333333333,8
2024-04-28,64952,0.57,11.18,11.75,Sunday,,2.0,1,28,4,2024,6,7,3,5.333333333333333,8
2024-04-29,64952,35.25,0.0,17.625,Monday,,5.0,0,29,4,2024,0,7,3,4.0,8
2024-04-30,64952,35.25,0.0,11.75,Tuesday,,6.0,0,30,4,2024,1,7,3,5.0,8
2024-05-02,64952,47.0,0.0,15.666666666666666,Thursday,,7.0,0,2,5,2024,3,7,3,4.333333333333333,8
2024-05-03,64952,23.5,0.0,11.75,Friday,,4.0,0,3,5,2024,4,7,3,6.0,8
2024-05-04,64952,47.0,0.0,11.75,Saturday,,8.0,1,4,5,2024,5,7,3,5.666666666666667,8
2024-05-05,64952,35.25,0.0,11.75,Sunday,,6.0,1,5,5,2024,6,7,3,6.333333333333333,8
2024-05-07,64952,11.75,0.0,11.75,Tuesday,,2.0,0,7,5,2024,1,7,3,6.0,8
2024-05-08,64952,11.75,0.0,11.75,Wednesday,,2.0,0,8,5,2024,2,7,3,5.333333333333333,8
2024-05-10,64952,23.5,0.0,11.75,Friday,,4.0,0,10,5,2024,4,7,3,3.333333333333333,8
2024-05-11,64952,23.5,0.0,11.75,Saturday,,4.0,1,11,5,2024,5,7,3,2.6666666666666665,8
2024-05-12,64952,23.5,0.0,11.75,Sunday,,4.0,1,12,5,2024,6,7,3,3.333333333333333,8
2024-05-13,64952,47.0,0.0,15.666666666666666,Monday,,7.0,0,13,5,2024,0,7,3,4.0,8
2024-05-14,64952,23.5,0.0,23.5,Tuesday,,3.0,0,14,5,2024,1,7,3,5.0,8
2024-05-15,64952,35.25,0.0,11.75,Wednesday,,6.0,0,15,5,2024,2,7,3,4.666666666666667,8
2024-05-18,64952,11.75,0.0,11.75,Saturday,,2.0,1,18,5,2024,5,7,3,5.333333333333333,8
2024-05-19,64952,58.75,0.0,19.58333333333333,Sunday,,8.0,1,19,5,2024,6,7,3,3.6666666666666665,8
2024-05-20,64952,11.75,0.0,11.75,Monday,,2.0,0,20,5,2024,0,7,3,5.333333333333333,8
2024-05-21,64952,35.25,0.0,11.75,Tuesday,,6.0,0,21,5,2024,1,7,3,4.0,8
2024-05-22,64952,11.75,0.0,11.75,Wednesday,,2.0,0,22,5,2024,2,7,3,5.333333333333333,8
2024-05-23,64952,11.75,0.0,11.75,Thursday,,2.0,0,23,5,2024,3,7,3,3.333333333333333,8
2024-05-24,64952,58.75,0.0,14.6875,Friday,,9.0,0,24,5,2024,4,7,3,3.333333333333333,8
2024-05-25,64952,23.5,0.0,23.5,Saturday,,3.0,1,25,5,2024,5,7,3,4.333333333333333,8
2024-05-27,64952,23.5,0.0,11.75,Monday,,4.0,0,27,5,2024,0,7,3,4.666666666666667,8
2024-05-28,64952,11.75,0.0,11.75,Tuesday,,2.0,0,28,5,2024,1,7,3,5.333333333333333,8
2024-05-29,64952,23.5,0.0,11.75,Wednesday,,4.0,0,29,5,2024,2,7,3,3.0,8
2024-05-30,64952,23.5,0.0,23.5,Thursday,,3.0,0,30,5,2024,3,7,3,3.333333333333333,8
2024-05-31,64952,23.5,0.0,11.75,Friday,,4.0,0,31,5,2024,4,7,3,3.0,8
2024-06-03,64952,47.0,0.0,11.75,Monday,,8.0,0,3,6,2024,0,7,3,3.6666666666666665,8
2024-06-04,64952,58.75,0.0,11.75,Tuesday,,10.0,0,4,6,2024,1,7,3,5.0,8
2024-06-16,64952,35.25,0.0,17.625,Sunday,Eid al-Adha,5.0,1,16,6,2024,6,7,0,7.333333333333333,8
2024-06-17,64952,11.75,0.0,11.75,Monday,Eid al-Adha,2.0,0,17,6,2024,0,7,0,7.666666666666667,8
2024-06-21,64952,58.75,0.0,14.6875,Friday,,9.0,0,21,6,2024,4,7,3,5.666666666666667,8
2024-06-23,64952,47.0,0.0,11.75,Sunday,,8.0,1,23,6,2024,6,7,3,5.333333333333333,8
2024-06-25,64952,47.0,0.0,11.75,Tuesday,,8.0,0,25,6,2024,1,7,3,6.333333333333333,8
2024-06-26,64952,35.25,0.0,11.75,Wednesday,,6.0,0,26,6,2024,2,7,3,8.333333333333334,8
2024-07-02,64952,47.0,0.0,11.75,Tuesday,,8.0,0,2,7,2024,1,7,3,7.333333333333333,8
2024-07-09,64952,47.0,0.0,11.75,Tuesday,,8.0,0,9,7,2024,1,7,3,7.333333333333333,8
2024-07-11,64952,35.25,0.0,11.75,Thursday,,6.0,0,11,7,2024,3,7,3,7.333333333333333,8
2024-07-12,64952,58.75,0.0,11.75,Friday,,10.0,0,12,7,2024,4,7,3,7.333333333333333,8
2024-07-13,64952,35.25,0.0,11.75,Saturday,,6.0,1,13,7,2024,5,7,3,8.0,8
2024-07-14,64952,35.25,0.0,11.75,Sunday,,6.0,1,14,7,2024,6,7,3,7.333333333333333,8
2024-07-15,64952,11.75,0.0,11.75,Monday,,2.0,0,15,7,2024,0,7,3,7.333333333333333,8
2024-07-16,64952,23.5,0.0,23.5,Tuesday,,3.0,0,16,7,2024,1,7,3,4.666666666666667,8
2024-07-18,64952,35.25,0.0,11.75,Thursday,,6.0,0,18,7,2024,3,7,3,3.6666666666666665,8
2024-07-19,64952,47.0,0.0,23.5,Friday,,6.0,0,19,7,2024,4,7,3,3.6666666666666665,8
2024-07-20,64952,58.75,0.0,14.6875,Saturday,,9.0,1,20,7,2024,5,7,3,5.0,8
2024-07-22,64952,58.75,0.0,14.6875,Monday,,9.0,0,22,7,2024,0,7,3,7.0,8
2024-07-24,64952,19.9,3.6,11.75,Wednesday,,4.0,0,24,7,2024,2,7,3,8.0,8
2024-07-25,64952,19.9,3.6,23.5,Thursday,,3.0,0,25,7,2024,3,7,3,7.333333333333333,8
2024-07-26,64952,9.95,1.8,11.75,Friday,,2.0,0,26,7,2024,4,7,3,5.333333333333333,8
2024-07-27,64952,29.85,5.4,17.625,Saturday,,5.0,1,27,7,2024,5,7,3,3.0,8
2024-07-28,64952,19.9,3.6,11.75,Sunday,,4.0,1,28,7,2024,6,7,3,3.333333333333333,8
2024-07-29,64952,9.95,1.8,11.75,Monday,,2.0,0,29,7,2024,0,7,3,3.6666666666666665,8
2024-07-30,64952,19.9,3.6,11.75,Tuesday,,4.0,0,30,7,2024,1,7,3,3.6666666666666665,8
2024-08-01,64952,29.85,5.4,11.75,Thursday,,6.0,0,1,8,2024,3,7,3,3.333333333333333,8
2024-08-02,64952,29.85,5.4,35.25,Friday,,4.0,0,2,8,2024,4,7,3,4.0,8
2024-08-03,64952,9.95,1.8,11.75,Saturday,,2.0,1,3,8,2024,5,7,3,4.666666666666667,8
2024-08-06,64952,19.9,3.6,23.5,Tuesday,,3.0,0,6,8,2024,1,7,3,4.0,8
2024-08-08,64952,47.0,0.0,15.666666666666666,Thursday,,7.0,0,8,8,2024,3,7,3,3.0,8
2024-08-10,64952,35.25,0.0,35.25,Saturday,,4.0,1,10,8,2024,5,7,3,4.0,8
2024-04-02,65583,79.5,0.0,79.5,Tuesday,Ramadan,3.0,0,2,4,2024,1,8,4,4.637113402061856,9
2024-04-03,65583,119.25,0.0,39.75,Wednesday,Ramadan,6.0,0,3,4,2024,2,8,4,4.637113402061856,9
2024-04-04,65583,119.25,0.0,59.625,Thursday,Ramadan,5.0,0,4,4,2024,3,8,4,4.637113402061856,9
2024-04-05,65583,39.75,0.0,39.75,Friday,Ramadan,2.0,0,5,4,2024,4,8,4,4.666666666666667,9
2024-04-06,65583,79.5,0.0,39.75,Saturday,Ramadan,4.0,1,6,4,2024,5,8,4,4.333333333333333,9
2024-04-07,65583,119.25,0.0,119.25,Sunday,Ramadan,4.0,1,7,4,2024,6,8,4,3.6666666666666665,9
2024-04-10,65583,39.75,0.0,39.75,Wednesday,Eid al-Fitr,2.0,0,10,4,2024,2,8,1,3.333333333333333,9
2024-04-11,65583,39.75,0.0,39.75,Thursday,Eid al-Fitr,2.0,0,11,4,2024,3,8,1,3.333333333333333,9
2024-04-15,65583,39.75,0.0,39.75,Monday,,2.0,0,15,4,2024,0,8,3,2.6666666666666665,9
2024-05-04,65583,79.5,0.0,39.75,Saturday,,4.0,1,4,5,2024,5,8,3,2.0,9
2024-05-06,65583,39.75,0.0,39.75,Monday,,2.0,0,6,5,2024,0,8,3,2.6666666666666665,9
2024-05-07,65583,79.5,0.0,39.75,Tuesday,,4.0,0,7,5,2024,1,8,3,2.6666666666666665,9
2024-05-09,65583,39.75,0.0,39.75,Thursday,,2.0,0,9,5,2024,3,8,3,3.333333333333333,9
2024-05-10,65583,79.5,0.0,39.75,Friday,,4.0,0,10,5,2024,4,8,3,2.6666666666666665,9
2024-05-11,65583,198.75,0.0,39.75,Saturday,,10.0,1,11,5,2024,5,8,3,3.333333333333333,9
2024-05-12,65583,39.75,0.0,39.75,Sunday,,2.0,1,12,5,2024,6,8,3,5.333333333333333,9
2024-05-13,65583,159.0,0.0,53.0,Monday,,7.0,0,13,5,2024,0,8,3,5.333333333333333,9
2024-05-15,65583,39.75,0.0,39.75,Wednesday,,2.0,0,15,5,2024,2,8,3,6.333333333333333,9
2024-05-16,65583,39.75,0.0,39.75,Thursday,,2.0,0,16,5,2024,3,8,3,3.6666666666666665,9
2024-05-17,65583,159.0,0.0,39.75,Friday,,8.0,0,17,5,2024,4,8,3,3.6666666666666665,9
2024-05-18,65583,198.75,0.0,39.75,Saturday,,10.0,1,18,5,2024,5,8,3,4.0,9
2024-05-19,65583,39.75,0.0,39.75,Sunday,,2.0,1,19,5,2024,6,8,3,6.666666666666667,9
2024-05-20,65583,79.5,0.0,39.75,Monday,,4.0,0,20,5,2024,0,8,3,6.666666666666667,9
2024-05-21,65583,79.5,0.0,39.75,Tuesday,,4.0,0,21,5,2024,1,8,3,5.333333333333333,9
2024-05-23,65583,128.0,31.0,53.0,Thursday,,7.0,0,23,5,2024,3,8,3,3.333333333333333,9
2024-05-26,65583,64.0,15.5,39.75,Sunday,,4.0,1,26,5,2024,6,8,3,5.0,9
2024-05-27,65583,128.0,31.0,39.75,Monday,,8.0,0,27,5,2024,0,8,3,5.0,9
2024-06-01,65583,160.0,38.75,99.375,Saturday,,7.0,1,1,6,2024,5,8,3,6.333333333333333,9
2024-06-02,65583,128.0,31.0,53.0,Sunday,,7.0,1,2,6,2024,6,8,3,6.333333333333333,9
2024-06-12,65583,159.0,0.0,39.75,Wednesday,,8.0,0,12,6,2024,2,8,3,7.333333333333333,9
2024-06-13,65583,159.0,0.0,39.75,Thursday,,8.0,0,13,6,2024,3,8,3,7.333333333333333,9
2024-06-15,65583,159.0,0.0,39.75,Saturday,,8.0,1,15,6,2024,5,8,3,7.666666666666667,9
2024-06-16,65583,79.5,0.0,39.75,Sunday,Eid al-Adha,4.0,1,16,6,2024,6,8,0,8.0,9
2024-06-17,65583,39.75,0.0,39.75,Monday,Eid al-Adha,2.0,0,17,6,2024,0,8,0,6.666666666666667,9
2024-06-18,65583,79.5,0.0,39.75,Tuesday,Eid al-Adha,4.0,0,18,6,2024,1,8,0,4.666666666666667,9
2024-06-19,65583,79.5,0.0,39.75,Wednesday,Eid al-Adha,4.0,0,19,6,2024,2,8,0,3.333333333333333,9
2024-06-20,65583,159.0,0.0,53.0,Thursday,,7.0,0,20,6,2024,3,8,3,3.333333333333333,9
2024-06-21,65583,119.25,0.0,59.625,Friday,,5.0,0,21,6,2024,4,8,3,5.0,9
2024-06-23,65583,119.25,0.0,39.75,Sunday,,6.0,1,23,6,2024,6,8,3,5.333333333333333,9
2024-06-24,65583,79.5,0.0,39.75,Monday,,4.0,0,24,6,2024,0,8,3,6.0,9
2024-06-26,65583,159.0,0.0,53.0,Wednesday,,7.0,0,26,6,2024,2,8,3,5.0,9
2024-06-27,65583,79.5,0.0,39.75,Thursday,,4.0,0,27,6,2024,3,8,3,5.666666666666667,9
2024-06-28,65583,159.0,0.0,39.75,Friday,,8.0,0,28,6,2024,4,8,3,5.0,9
2024-06-29,65583,39.75,0.0,39.75,Saturday,,2.0,1,29,6,2024,5,8,3,6.333333333333333,9
2024-06-30,65583,198.75,0.0,39.75,Sunday,,10.0,1,30,6,2024,6,8,3,4.666666666666667,9
2024-07-01,65583,159.0,0.0,53.0,Monday,,7.0,0,1,7,2024,0,8,3,6.666666666666667,9
2024-07-02,65583,159.0,0.0,53.0,Tuesday,,7.0,0,2,7,2024,1,8,3,6.333333333333333,9
2024-07-03,65583,39.75,0.0,39.75,Wednesday,,2.0,0,3,7,2024,2,8,3,8.0,9
2024-07-04,65583,119.25,0.0,39.75,Thursday,,6.0,0,4,7,2024,3,8,3,5.333333333333333,9
2024-07-08,65583,79.5,0.0,39.75,Monday,,4.0,0,8,7,2024,0,8,3,5.0,9
2024-07-13,65583,79.5,0.0,79.5,Saturday,,3.0,1,13,7,2024,5,8,3,4.0,9
2024-07-15,65583,159.0,0.0,79.5,Monday,,6.0,0,15,7,2024,0,8,3,4.333333333333333,9
2024-07-20,65583,119.25,0.0,59.625,Saturday,,5.0,1,20,7,2024,5,8,3,4.333333333333333,9
2024-07-21,65583,198.75,0.0,66.25,Sunday,,8.0,1,21,7,2024,6,8,3,4.666666666666667,9
2024-08-24,65583,119.25,0.0,59.625,Saturday,,5.0,1,24,8,2024,5,8,3,6.333333333333333,9
2024-08-25,65583,119.25,0.0,39.75,Sunday,,6.0,1,25,8,2024,6,8,3,6.0,9
2024-08-26,65583,39.75,0.0,39.75,Monday,,2.0,0,26,8,2024,0,8,3,6.333333333333333,9
2024-08-27,65583,79.5,0.0,39.75,Tuesday,,4.0,0,27,8,2024,1,8,3,4.333333333333333,9
2024-08-28,65583,79.5,0.0,39.75,Wednesday,,4.0,0,28,8,2024,2,8,3,4.0,9
2024-08-29,65583,119.25,0.0,59.625,Thursday,,5.0,0,29,8,2024,3,8,3,3.333333333333333,9
2024-08-30,65583,79.5,0.0,39.75,Friday,,4.0,0,30,8,2024,4,8,3,4.333333333333333,9
2024-08-31,65583,159.0,0.0,39.75,Saturday,,8.0,1,31,8,2024,5,8,3,4.333333333333333,9
2024-09-01,65583,198.75,0.0,39.75,Sunday,,10.0,1,1,9,2024,6,8,3,5.666666666666667,9
2024-09-02,65583,39.75,0.0,39.75,Monday,,2.0,0,2,9,2024,0,8,3,7.333333333333333,9
2024-09-03,65583,39.75,0.0,39.75,Tuesday,,2.0,0,3,9,2024,1,8,3,6.666666666666667,9
2024-09-04,65583,159.0,0.0,53.0,Wednesday,,7.0,0,4,9,2024,2,8,3,4.666666666666667,9
2024-09-05,65583,79.5,0.0,39.75,Thursday,,4.0,0,5,9,2024,3,8,3,3.6666666666666665,9
2024-09-06,65583,119.25,0.0,39.75,Friday,,6.0,0,6,9,2024,4,8,3,4.333333333333333,9
2024-09-08,65583,39.75,0.0,39.75,Sunday,,2.0,1,8,9,2024,6,8,3,5.666666666666667,9
2024-09-10,65583,198.75,0.0,49.6875,Tuesday,,9.0,0,10,9,2024,1,8,3,4.0,9
2024-09-11,65583,79.5,0.0,39.75,Wednesday,,4.0,0,11,9,2024,2,8,3,5.666666666666667,9
2024-09-12,65583,159.0,0.0,39.75,Thursday,,8.0,0,12,9,2024,3,8,3,5.0,9
2024-09-13,65583,159.0,0.0,39.75,Friday,,8.0,0,13,9,2024,4,8,3,7.0,9
2024-09-14,65583,39.75,0.0,39.75,Saturday,,2.0,1,14,9,2024,5,8,3,6.666666666666667,9
2024-09-15,65583,79.5,0.0,39.75,Sunday,,4.0,1,15,9,2024,6,8,3,6.0,9
2024-09-17,65583,159.0,0.0,39.75,Tuesday,,8.0,0,17,9,2024,1,8,3,4.666666666666667,9
2024-09-18,65583,39.75,0.0,39.75,Wednesday,,2.0,0,18,9,2024,2,8,3,4.666666666666667,9
2024-09-19,65583,39.75,0.0,39.75,Thursday,,2.0,0,19,9,2024,3,8,3,4.666666666666667,9
2024-09-20,65583,79.5,0.0,39.75,Friday,,4.0,0,20,9,2024,4,8,3,4.0,9
2024-09-21,65583,39.75,0.0,39.75,Saturday,,2.0,1,21,9,2024,5,8,3,2.6666666666666665,9
2024-09-22,65583,119.25,0.0,59.625,Sunday,,5.0,1,22,9,2024,6,8,3,2.6666666666666665,9
2024-09-23,65583,159.8,0.0,53.26666666666667,Monday,Saudi National Day,7.0,0,23,9,2024,0,8,5,3.6666666666666665,9
2024-09-24,65583,39.95,0.0,39.95,Tuesday,,2.0,0,24,9,2024,1,8,3,4.666666666666667,9
2024-09-27,65583,79.9,0.0,39.95,Friday,,4.0,0,27,9,2024,4,8,3,4.666666666666667,9
2024-09-30,65583,159.8,0.0,39.95,Monday,,8.0,0,30,9,2024,0,8,3,4.333333333333333,9
2024-05-04,1100001,0.0,100.0,50.0,Saturday,,4.0,1,4,5,2024,5,9,3,4.637113402061856,10
2024-05-05,1100001,0.0,50.0,50.0,Sunday,,2.0,1,5,5,2024,6,9,3,4.637113402061856,10
2024-05-06,1100001,0.0,50.0,50.0,Monday,,2.0,0,6,5,2024,0,9,3,4.637113402061856,10
2024-05-07,1100001,0.0,50.0,50.0,Tuesday,,2.0,0,7,5,2024,1,9,3,2.6666666666666665,10
2024-05-08,1100001,0.0,50.0,50.0,Wednesday,,2.0,0,8,5,2024,2,9,3,2.0,10
2024-05-10,1100001,0.0,150.0,50.0,Friday,,6.0,0,10,5,2024,4,9,3,2.0,10
2024-05-11,1100001,0.0,50.0,50.0,Saturday,,2.0,1,11,5,2024,5,9,3,3.333333333333333,10
2024-05-12,1100001,0.0,100.0,50.0,Sunday,,4.0,1,12,5,2024,6,9,3,3.333333333333333,10
2024-05-13,1100001,0.0,50.0,50.0,Monday,,2.0,0,13,5,2024,0,9,3,4.0,10
2024-05-16,1100001,0.0,50.0,50.0,Thursday,,2.0,0,16,5,2024,3,9,3,2.6666666666666665,10
2024-05-17,1100001,0.0,50.0,50.0,Friday,,2.0,0,17,5,2024,4,9,3,2.6666666666666665,10
2024-05-18,1100001,0.0,50.0,50.0,Saturday,,2.0,1,18,5,2024,5,9,3,2.0,10
2024-05-19,1100001,0.0,50.0,50.0,Sunday,,2.0,1,19,5,2024,6,9,3,2.0,10
2024-05-22,1100001,0.0,200.0,50.0,Wednesday,,8.0,0,22,5,2024,2,9,3,2.0,10
2024-05-23,1100001,0.0,100.0,50.0,Thursday,,4.0,0,23,5,2024,3,9,3,4.0,10
2024-05-24,1100001,0.0,100.0,50.0,Friday,,4.0,0,24,5,2024,4,9,3,4.666666666666667,10
2024-05-27,1100001,0.0,150.0,50.0,Monday,,6.0,0,27,5,2024,0,9,3,5.333333333333333,10
2024-05-28,1100001,0.0,100.0,50.0,Tuesday,,4.0,0,28,5,2024,1,9,3,4.666666666666667,10
2024-05-30,1100001,0.0,50.0,50.0,Thursday,,2.0,0,30,5,2024,3,9,3,4.666666666666667,10
2024-05-31,1100001,0.0,100.0,50.0,Friday,,4.0,0,31,5,2024,4,9,3,4.0,10
2024-06-03,1100001,0.0,150.0,50.0,Monday,,6.0,0,3,6,2024,0,9,3,3.333333333333333,10
2024-06-04,1100001,0.0,50.0,50.0,Tuesday,,2.0,0,4,6,2024,1,9,3,4.0,10
2024-06-05,1100001,0.0,100.0,50.0,Wednesday,,4.0,0,5,6,2024,2,9,3,4.0,10
2024-06-06,1100001,0.0,150.0,50.0,Thursday,,6.0,0,6,6,2024,3,9,3,4.0,10
2024-06-09,1100001,0.0,100.0,50.0,Sunday,,4.0,1,9,6,2024,6,9,3,4.0,10
2024-06-10,1100001,0.0,50.0,50.0,Monday,,2.0,0,10,6,2024,0,9,3,4.666666666666667,10
2024-06-11,1100001,0.0,50.0,50.0,Tuesday,,2.0,0,11,6,2024,1,9,3,4.0,10
2024-06-12,1100001,0.0,50.0,50.0,Wednesday,,2.0,0,12,6,2024,2,9,3,2.6666666666666665,10
2024-06-13,1100001,0.0,50.0,50.0,Thursday,,2.0,0,13,6,2024,3,9,3,2.0,10
2024-06-18,1100001,0.0,100.0,50.0,Tuesday,Eid al-Adha,4.0,0,18,6,2024,1,9,0,2.0,10
2024-06-19,1100001,0.0,50.0,50.0,Wednesday,Eid al-Adha,2.0,0,19,6,2024,2,9,0,2.6666666666666665,10
2024-06-20,1100001,0.0,50.0,50.0,Thursday,,2.0,0,20,6,2024,3,9,3,2.6666666666666665,10
2024-06-21,1100001,0.0,50.0,50.0,Friday,,2.0,0,21,6,2024,4,9,3,2.6666666666666665,10
2024-06-22,1100001,0.0,50.0,50.0,Saturday,,2.0,1,22,6,2024,5,9,3,2.0,10
2024-06-23,1100001,0.0,150.0,50.0,Sunday,,6.0,1,23,6,2024,6,9,3,2.0,10
2024-06-28,1100001,0.0,100.0,50.0,Friday,,4.0,0,28,6,2024,4,9,3,3.333333333333333,10
2024-06-29,1100001,0.0,50.0,50.0,Saturday,,2.0,1,29,6,2024,5,9,3,4.0,10
2024-07-01,1100001,0.0,50.0,50.0,Monday,,2.0,0,1,7,2024,0,9,3,4.0,10
2024-07-02,1100001,0.0,50.0,50.0,Tuesday,,2.0,0,2,7,2024,1,9,3,2.6666666666666665,10
2024-07-03,1100001,0.0,50.0,50.0,Wednesday,,2.0,0,3,7,2024,2,9,3,2.0,10
2024-07-05,1100001,0.0,150.0,50.0,Friday,,6.0,0,5,7,2024,4,9,3,2.0,10
2024-07-06,1100001,0.0,50.0,50.0,Saturday,,2.0,1,6,7,2024,5,9,3,3.333333333333333,10
2024-07-08,1100001,0.0,200.0,50.0,Monday,,8.0,0,8,7,2024,0,9,3,3.333333333333333,10
2024-07-09,1100001,0.0,50.0,50.0,Tuesday,,2.0,0,9,7,2024,1,9,3,5.333333333333333,10
2024-07-11,1100001,0.0,150.0,50.0,Thursday,,6.0,0,11,7,2024,3,9,3,4.0,10
2024-07-12,1100001,0.0,150.0,50.0,Friday,,6.0,0,12,7,2024,4,9,3,5.333333333333333,10
2024-07-13,1100001,0.0,100.0,50.0,Saturday,,4.0,1,13,7,2024,5,9,3,4.666666666666667,10
2024-07-14,1100001,0.0,50.0,50.0,Sunday,,2.0,1,14,7,2024,6,9,3,5.333333333333333,10
2024-07-16,1100001,0.0,100.0,50.0,Tuesday,,4.0,0,16,7,2024,1,9,3,4.0,10
2024-07-17,1100001,0.0,100.0,50.0,Wednesday,,4.0,0,17,7,2024,2,9,3,3.333333333333333,10
2024-07-19,1100001,0.0,100.0,50.0,Friday,,4.0,0,19,7,2024,4,9,3,3.333333333333333,10
2024-07-20,1100001,0.0,150.0,50.0,Saturday,,6.0,1,20,7,2024,5,9,3,4.0,10
2024-07-21,1100001,0.0,50.0,50.0,Sunday,,2.0,1,21,7,2024,6,9,3,4.666666666666667,10
2024-07-22,1100001,0.0,100.0,50.0,Monday,,4.0,0,22,7,2024,0,9,3,4.0,10
2024-07-23,1100001,0.0,50.0,50.0,Tuesday,,2.0,0,23,7,2024,1,9,3,4.0,10
2024-07-24,1100001,0.0,50.0,50.0,Wednesday,,2.0,0,24,7,2024,2,9,3,2.6666666666666665,10
2024-07-26,1100001,0.0,200.0,50.0,Friday,,8.0,0,26,7,2024,4,9,3,2.6666666666666665,10
2024-07-27,1100001,0.0,50.0,50.0,Saturday,,2.0,1,27,7,2024,5,9,3,4.0,10
2024-07-28,1100001,0.0,50.0,50.0,Sunday,,2.0,1,28,7,2024,6,9,3,4.0,10
2024-07-29,1100001,0.0,100.0,50.0,Monday,,4.0,0,29,7,2024,0,9,3,4.0,10
2024-07-30,1100001,0.0,200.0,50.0,Tuesday,,8.0,0,30,7,2024,1,9,3,2.6666666666666665,10
2024-07-31,1100001,0.0,150.0,50.0,Wednesday,,6.0,0,31,7,2024,2,9,3,4.666666666666667,10
2024-08-01,1100001,0.0,50.0,50.0,Thursday,,2.0,0,1,8,2024,3,9,3,6.0,10
2024-08-02,1100001,0.0,150.0,50.0,Friday,,6.0,0,2,8,2024,4,9,3,5.333333333333333,10
2024-08-04,1100001,0.0,200.0,50.0,Sunday,,8.0,1,4,8,2024,6,9,3,4.666666666666667,10
2024-08-05,1100001,0.0,100.0,50.0,Monday,,4.0,0,5,8,2024,0,9,3,5.333333333333333,10
2024-08-06,1100001,0.0,50.0,50.0,Tuesday,,2.0,0,6,8,2024,1,9,3,6.0,10
2024-08-07,1100001,0.0,100.0,50.0,Wednesday,,4.0,0,7,8,2024,2,9,3,4.666666666666667,10
2024-08-08,1100001,0.0,50.0,50.0,Thursday,,2.0,0,8,8,2024,3,9,3,3.333333333333333,10
2024-08-09,1100001,0.0,100.0,50.0,Friday,,4.0,0,9,8,2024,4,9,3,2.6666666666666665,10
2024-08-10,1100001,0.0,150.0,50.0,Saturday,,6.0,1,10,8,2024,5,9,3,3.333333333333333,10
2024-08-11,1100001,0.0,50.0,50.0,Sunday,,2.0,1,11,8,2024,6,9,3,4.0,10
2024-08-12,1100001,100.0,100.0,50.0,Monday,,8.0,0,12,8,2024,0,9,3,4.0,10
2024-08-13,1100001,0.0,100.0,50.0,Tuesday,,4.0,0,13,8,2024,1,9,3,5.333333333333333,10
2024-08-14,1100001,50.0,100.0,50.0,Wednesday,,6.0,0,14,8,2024,2,9,3,4.666666666666667,10
2024-08-15,1100001,0.0,50.0,50.0,Thursday,,2.0,0,15,8,2024,3,9,3,6.0,10
2024-08-17,1100001,0.0,50.0,50.0,Saturday,,2.0,1,17,8,2024,5,9,3,4.0,10
2024-08-18,1100001,0.0,100.0,50.0,Sunday,,4.0,1,18,8,2024,6,9,3,3.333333333333333,10
2024-08-20,1100001,0.0,50.0,50.0,Tuesday,,2.0,0,20,8,2024,1,9,3,2.6666666666666665,10
2024-08-21,1100001,0.0,100.0,50.0,Wednesday,,4.0,0,21,8,2024,2,9,3,2.6666666666666665,10
2024-08-22,1100001,0.0,50.0,50.0,Thursday,,2.0,0,22,8,2024,3,9,3,3.333333333333333,10
2024-08-24,1100001,0.0,200.0,50.0,Saturday,,8.0,1,24,8,2024,5,9,3,2.6666666666666665,10
2024-08-28,1100001,0.0,50.0,50.0,Wednesday,,2.0,0,28,8,2024,2,9,3,4.666666666666667,10
2024-08-29,1100001,0.0,100.0,50.0,Thursday,,4.0,0,29,8,2024,3,9,3,4.0,10
2024-08-30,1100001,0.0,200.0,50.0,Friday,,8.0,0,30,8,2024,4,9,3,4.666666666666667,10
2024-08-31,1100001,0.0,200.0,50.0,Saturday,,8.0,1,31,8,2024,5,9,3,4.666666666666667,10
2024-09-01,1100001,0.0,50.0,50.0,Sunday,,2.0,1,1,9,2024,6,9,3,6.666666666666667,10
2024-09-02,1100001,0.0,50.0,50.0,Monday,,2.0,0,2,9,2024,0,9,3,6.0,10
2024-09-04,1100001,0.0,250.0,50.0,Wednesday,,10.0,0,4,9,2024,2,9,3,4.0,10
2024-09-05,1100001,0.0,150.0,50.0,Thursday,,6.0,0,5,9,2024,3,9,3,4.666666666666667,10
2024-09-06,1100001,0.0,50.0,50.0,Friday,,2.0,0,6,9,2024,4,9,3,6.0,10
2024-09-07,1100001,0.0,150.0,50.0,Saturday,,6.0,1,7,9,2024,5,9,3,6.0,10
2024-09-08,1100001,0.0,50.0,50.0,Sunday,,2.0,1,8,9,2024,6,9,3,4.666666666666667,10
2024-09-10,1100001,0.0,250.0,50.0,Tuesday,,10.0,0,10,9,2024,1,9,3,3.333333333333333,10
2024-09-11,1100001,0.0,50.0,50.0,Wednesday,,2.0,0,11,9,2024,2,9,3,6.0,10
2024-09-14,1100001,0.0,200.0,50.0,Saturday,,8.0,1,14,9,2024,5,9,3,4.666666666666667,10
2024-09-15,1100001,0.0,150.0,50.0,Sunday,,6.0,1,15,9,2024,6,9,3,6.666666666666667,10
2024-09-16,1100001,0.0,200.0,50.0,Monday,,8.0,0,16,9,2024,0,9,3,5.333333333333333,10
2024-09-17,1100001,0.0,100.0,50.0,Tuesday,,4.0,0,17,9,2024,1,9,3,7.333333333333333,10
2024-09-18,1100001,0.0,150.0,50.0,Wednesday,,6.0,0,18,9,2024,2,9,3,6.0,10
2024-09-19,1100001,0.0,100.0,50.0,Thursday,,4.0,0,19,9,2024,3,9,3,6.0,10
2024-09-21,1100001,0.0,100.0,50.0,Saturday,,4.0,1,21,9,2024,5,9,3,4.666666666666667,10
2024-09-22,1100001,0.0,150.0,50.0,Sunday,,6.0,1,22,9,2024,6,9,3,4.666666666666667,10
2024-09-23,1100001,0.0,200.0,50.0,Monday,Saudi National Day,8.0,0,23,9,2024,0,9,5,4.666666666666667,10
2024-09-24,1100001,50.0,150.0,50.0,Tuesday,,8.0,0,24,9,2024,1,9,3,6.0,10
2024-09-25,1100001,0.0,200.0,50.0,Wednesday,,8.0,0,25,9,2024,2,9,3,7.333333333333333,10
2024-09-26,1100001,0.0,150.0,50.0,Thursday,,6.0,0,26,9,2024,3,9,3,8.0,10
2024-09-27,1100001,0.0,150.0,50.0,Friday,,6.0,0,27,9,2024,4,9,3,7.333333333333333,10
2024-09-28,1100001,0.0,150.0,50.0,Saturday,,6.0,1,28,9,2024,5,9,3,6.666666666666667,10
2024-09-29,1100001,0.0,150.0,50.0,Sunday,,6.0,1,29,9,2024,6,9,3,6.0,10
